	index	cell_type
0	AAACAGCCAGAACCGA-1	B cell
10	AAACCAACACAGAACG-1	B cell
12	AAACCAACAGGAATCG-1	B cell
23	AAACCGCGTGACCTGG-1	B cell
24	AAACCGCGTGATCATG-1	B cell
27	AAACCGCGTTAGGTGC-1	B cell
42	AAACGGATCGGCCATA-1	B cell
47	AAACGTACAGCAACAG-1	Tumour B cell
52	AAAGCAAGTTAGTACG-1	B cell
53	AAAGCAAGTTTACTTG-1	B cell
60	AAAGCCCGTTGGTTCT-1	B cell
63	AAAGCCGCATCATGTG-1	B cell
64	AAAGCCGCATGCTTAG-1	B cell
66	AAAGCGGGTGCTAGAC-1	B cell
67	AAAGCGGGTTTCGCCA-1	B cell
68	AAAGCTTGTAAAGCGG-1	Tumour B cell
69	AAAGCTTGTAGACAAA-1	B cell
73	AAAGCTTGTGGACCTG-1	B cell
77	AAAGGACGTCCTAGTT-1	B cell
80	AAAGGACGTTCCGGCT-1	B cell
82	AAAGGAGCAGCACGTT-1	B cell
84	AAAGGAGCAGGCAAGC-1	B cell
96	AAATCCGGTGTGCACG-1	B cell
103	AAATGGCCAAGGTCCT-1	B cell
107	AAATGGCCATCGTTCT-1	B cell
109	AAATGGCCATTAAGCT-1	B cell
111	AACAAAGGTGATGAGG-1	B cell
114	AACAAGCCAGGGAGCT-1	B cell
129	AACAGGATCTATCGCC-1	B cell
134	AACATCATCACACAGT-1	B cell
140	AACATTGTCATGGCCA-1	B cell
141	AACATTGTCATTGCGG-1	Tumour B cell
152	AACCCGCAGGCTCATG-1	Tumour B cell
156	AACCGCTCACCGGCTA-1	B cell
157	AACCGCTCAGGAACCA-1	B cell
161	AACCGGCTCATTGCAA-1	B cell
166	AACCTAATCAGCCAAT-1	B cell
169	AACCTAATCCTGTTCA-1	Tumour B cell
174	AACCTCACAGTAAAGC-1	B cell
175	AACCTCACATGTTGTG-1	B cell
178	AACCTCCTCATGCGTG-1	B cell
179	AACCTCCTCGGTCAAT-1	B cell
181	AACCTCCTCTTTAAGG-1	B cell
183	AACCTTAAGAGGAGGA-1	B cell
185	AACCTTAAGCCGCAGT-1	B cell
212	AACGCTAGTGAGGTAG-1	Tumour B cell
223	AACTACTCATTGCGGT-1	B cell
224	AACTACTCATTGTGAT-1	B cell
225	AACTAGCTCACGCATG-1	B cell
227	AACTAGCTCGCCTGTT-1	Tumour B cell
228	AACTAGCTCGGTCAGC-1	Tumour B cell
229	AACTAGCTCTTAGGGT-1	B cell
231	AACTAGTGTCCTTCAG-1	B cell
238	AACTCACAGCTCAAAC-1	Tumour B cell
241	AACTCACAGTTAGAGG-1	B cell
246	AACTGTTCAGTATGTT-1	B cell
255	AAGAACAGTGACATGC-1	B cell
260	AAGAATCAGGGATTAG-1	B cell
263	AAGACAAGTGCTCCGT-1	B cell
264	AAGACAAGTTACTTGC-1	B cell
266	AAGACATAGAATCTCA-1	B cell
281	AAGCAAGTCATGTGGT-1	B cell
282	AAGCAAGTCGTTATCT-1	B cell
284	AAGCATGAGAGGCTAA-1	B cell
285	AAGCATGAGCATGAAG-1	B cell
292	AAGCCACGTTAATCGG-1	B cell
293	AAGCCACGTTAATGCG-1	B cell
294	AAGCCACGTTACTAGG-1	B cell
308	AAGCCTGTCCAGGAAA-1	B cell
313	AAGCCTGTCTGGCAAT-1	B cell
322	AAGCCTTAGTGAGCAA-1	B cell
324	AAGCGAATCCTCAGTC-1	B cell
326	AAGCGAATCGCAGGCT-1	B cell
336	AAGCGAGGTTTATTCG-1	Tumour B cell
337	AAGCGCTGTCATAACG-1	B cell
338	AAGCGCTGTCATAGAT-1	B cell
341	AAGCGCTGTGCTTAGA-1	B cell
342	AAGCGCTGTTAACGAT-1	Tumour B cell
343	AAGCGCTGTTAGACCA-1	B cell
352	AAGCGTTTCTGTGCCT-1	B cell
356	AAGCTAGAGGGCTAAA-1	B cell
365	AAGCTATGTTTACTTG-1	B cell
373	AAGGAAGCATTAGGCC-1	B cell
377	AAGGATCCACACCAAC-1	B cell
380	AAGGATCCAGGTTACC-1	B cell
392	AAGGCCCTCACTAAGC-1	B cell
397	AAGGCCCTCCCTCGCA-1	Tumour B cell
398	AAGGCCCTCCTGAATA-1	B cell
404	AAGGTATAGCTTATGA-1	B cell
407	AAGGTATAGTGAGGGT-1	B cell
409	AAGGTCAAGCCGCTAA-1	B cell
410	AAGGTCAAGCCGCTTT-1	B cell
414	AAGGTGCAGATGGAGC-1	B cell
420	AAGGTGCAGGGTGGAT-1	B cell
426	AAGTAGCCAGCTACGT-1	B cell
431	AAGTCTATCAAGGACA-1	Tumour B cell
435	AAGTCTATCGGCTATG-1	B cell
437	AAGTGAAGTGCTTAGA-1	B cell
438	AAGTGAAGTGGATTGC-1	B cell
450	AAGTTACGTTAGCAGC-1	B cell
451	AAGTTACGTTCACCCA-1	B cell
453	AAGTTAGCAATTGAGA-1	B cell
455	AAGTTAGCAGCAAATA-1	B cell
456	AAGTTAGCAGGCCATT-1	B cell
457	AAGTTAGCAGTACCGT-1	B cell
460	AAGTTTGTCCGGAACC-1	B cell
465	AATAACCGTGGGAACA-1	Tumour B cell
471	AATACCGGTGTGAGAG-1	B cell
472	AATACCGGTTGTTGTC-1	B cell
473	AATAGAGGTGTTAAAC-1	B cell
484	AATATCCCATTATGAC-1	B cell
486	AATCAGGAGCTCAAAC-1	B cell
487	AATCAGGAGCTGAGGG-1	B cell
489	AATCAGGAGGCCAATT-1	B cell
495	AATCATCCAACTAGCC-1	B cell
501	AATCATGTCACTAAGC-1	B cell
511	AATCCCTGTAGTTAAC-1	B cell
514	AATCCCTGTGAATCGC-1	B cell
516	AATCCCTGTGTTGCAA-1	B cell
518	AATCCCTGTTTATTCG-1	B cell
524	AATCCTAAGCATTAGC-1	B cell
527	AATCCTAAGTTACCGG-1	B cell
534	AATCGCCCATGGTTAT-1	B cell
553	AATGAAGGTTTGTCTA-1	B cell
554	AATGCAACAGGCTAGA-1	B cell
555	AATGCATGTAGCTGGT-1	B cell
558	AATGCGCGTAACGTGC-1	B cell
559	AATGCGCGTATTCGTC-1	B cell
565	AATGGCGCAATTGAAG-1	B cell
568	AATGTCATCACAGACT-1	B cell
570	AATGTCATCCCGCATT-1	B cell
580	AATTACCCAACACTTG-1	B cell
581	AATTACCCACCTGGTG-1	B cell
582	AATTACCCAGCTTACA-1	B cell
583	AATTACCCAGGACCAA-1	B cell
589	AATTAGGCACTAAGTT-1	B cell
593	AATTCGTCAAGGTCGA-1	B cell
600	AATTGACGTTAATCGG-1	B cell
601	AATTGACGTTAATGCG-1	B cell
609	AATTGCTCAAACCTAT-1	B cell
610	AATTGCTCAACTGGCT-1	B cell
619	AATTGCTCATTAGGCC-1	B cell
621	AATTGGACACTTACAG-1	B cell
630	AATTGGGAGCTTAGCG-1	B cell
632	AATTGGGAGGCGCTAC-1	B cell
633	AATTGGGAGTCATTTC-1	Tumour B cell
641	AATTTCCTCAATAGCC-1	Tumour B cell
644	AATTTCCTCCCTCACG-1	B cell
646	AATTTCCTCGAAGCGG-1	Tumour B cell
648	AATTTCCTCGGTTTCC-1	B cell
650	AATTTGCCACCAAAGG-1	B cell
665	ACAAAGGTCTTGAGGT-1	B cell
667	ACAACAACAATGCGCT-1	B cell
668	ACAACAACAATTGACT-1	B cell
678	ACAACACTCCGCAACA-1	B cell
681	ACAACAGAGCAAGGAC-1	B cell
684	ACAACAGAGGCTAGAA-1	B cell
689	ACAACAGAGTTAGACC-1	B cell
690	ACAACATGTGCATTAG-1	B cell
696	ACACAATGTCTAGCTT-1	B cell
697	ACACAATGTTGTTGTC-1	B cell
703	ACACCTTGTCATAACG-1	B cell
707	ACACCTTGTTAGGACC-1	Tumour B cell
711	ACACGGACAATAGCAA-1	B cell
717	ACACTAATCACTTCAT-1	B cell
719	ACACTAATCCCGTTGT-1	B cell
729	ACACTTAAGCGATACT-1	B cell
731	ACACTTAAGTGAGGGT-1	B cell
735	ACACTTGCAGGACCAA-1	B cell
736	ACACTTGCATTAGGTT-1	B cell
740	ACAGCGCTCACAGCCA-1	B cell
741	ACAGCGCTCACCGGTA-1	B cell
746	ACAGCGCTCTAACCTT-1	B cell
747	ACAGCGCTCTGTGCAG-1	B cell
748	ACAGCGCTCTTTAAGG-1	B cell
757	ACAGGAATCTCGACCT-1	B cell
760	ACAGGATCACATGCTA-1	Tumour B cell
761	ACAGGATCACCAGGTT-1	B cell
766	ACAGGCTGTACGCGCA-1	Tumour B cell
767	ACAGGCTGTAGCTAAT-1	B cell
773	ACAGGTAAGGGTTATC-1	B cell
777	ACAGTATGTGCTAGCG-1	Tumour B cell
791	ACATTAGTCAGGAACA-1	Tumour B cell
792	ACATTAGTCCCTGTTA-1	B cell
794	ACATTGCAGGAGTCTT-1	Tumour B cell
799	ACCAAGCGTGCCTCAC-1	B cell
807	ACCAAGTTCGCAACAT-1	B cell
811	ACCAATATCATGGTTA-1	B cell
812	ACCAATATCCCTCATA-1	Tumour B cell
825	ACCACATAGTAACTCA-1	B cell
827	ACCAGCTCAAGGTAAC-1	B cell
829	ACCAGCTCAGGCTACT-1	B cell
832	ACCAGGACAATAAGCA-1	B cell
840	ACCAGGCTCAAGCGCC-1	Tumour B cell
842	ACCAGGCTCAGCAAGA-1	B cell
847	ACCAGGCTCTCAATGA-1	B cell
848	ACCAGGCTCTGCAAGT-1	B cell
850	ACCAGGGAGCTAATCA-1	B cell
855	ACCAGGGAGTTTCCTG-1	B cell
857	ACCATAATCGCGACAC-1	B cell
858	ACCATAATCGGTTACG-1	B cell
862	ACCATTAAGTTGTCAA-1	B cell
863	ACCCAACCAATTAGCT-1	B cell
866	ACCCAACCACGTAATT-1	B cell
867	ACCCAACCAGGAACAT-1	Tumour B cell
871	ACCCAGGGTAACTACG-1	B cell
876	ACCCAGGGTGCTCCGT-1	B cell
879	ACCCAGGGTTGGCGTG-1	B cell
881	ACCCGCTGTAGGTTAT-1	B cell
883	ACCCGCTGTGTTTGCT-1	B cell
885	ACCCGGTAGCAGCTAT-1	B cell
886	ACCCGGTAGCATGGTT-1	B cell
887	ACCCGGTAGGACAATG-1	Tumour B cell
894	ACCCGGTAGGTTTGCG-1	B cell
900	ACCCTCCCAAACGCGA-1	B cell
901	ACCCTCCCAAAGCGGC-1	B cell
904	ACCCTCCCACGGTTTA-1	B cell
905	ACCCTCCCACTAAATC-1	B cell
907	ACCCTCCCACTTGTTC-1	B cell
909	ACCCTCCCATGCATAT-1	B cell
913	ACCCTGTTCGGTAACT-1	B cell
920	ACCGAAGCAGCAAATA-1	B cell
921	ACCGAAGCATAAAGCA-1	Tumour B cell
922	ACCGAAGCATGAATAG-1	B cell
925	ACCGCAATCACAAGCT-1	B cell
927	ACCGCAATCCTGTTCA-1	B cell
942	ACCTAAATCCAAATCA-1	B cell
948	ACCTAAATCGTGCTTC-1	B cell
949	ACCTAAATCTCACAAA-1	B cell
953	ACCTAAGGTTAAGTGT-1	B cell
956	ACCTAAGGTTGTTCAC-1	B cell
964	ACCTCACTCCAAACAC-1	B cell
965	ACCTCACTCCAAGTGT-1	B cell
967	ACCTCACTCTGCAAAC-1	B cell
976	ACCTGGATCCTTTACG-1	B cell
978	ACCTGGATCTGTAAGC-1	B cell
987	ACCTGTTGTCTCAGCC-1	B cell
998	ACCTTCATCCCATAGG-1	B cell
999	ACCTTCATCGTGCTTC-1	B cell
1000	ACCTTCCAGAGGATAT-1	B cell
1005	ACCTTCCAGGCAATAG-1	B cell
1006	ACCTTCCAGGCGAATA-1	Tumour B cell
1010	ACCTTGCTCGAAGTAG-1	B cell
1014	ACCTTGCTCTTTAAGG-1	Tumour B cell
1015	ACCTTGTGTGTTGCTT-1	B cell
1016	ACCTTGTGTTAAGCGC-1	B cell
1019	ACGAACAAGCGAGGTG-1	Tumour B cell
1023	ACGAACAAGTAGCGGG-1	B cell
1024	ACGAACAAGTGAACAG-1	Tumour B cell
1027	ACGAAGTCAATCCTGA-1	B cell
1039	ACGACAAAGCATGACT-1	B cell
1051	ACGATTCAGAGGAGTC-1	B cell
1064	ACGCAAGCATTCCTCG-1	B cell
1070	ACGCACGGTTTATGGG-1	B cell
1071	ACGCACGGTTTGCGCC-1	B cell
1074	ACGCCACAGCATGTCG-1	Tumour B cell
1076	ACGCCACAGGGCTAAA-1	B cell
1077	ACGCCACAGTAACAGG-1	B cell
1084	ACGCCTTTCTAAGTCA-1	B cell
1089	ACGCTTGAGGGCTTTG-1	B cell
1091	ACGCTTGAGTCACGAT-1	B cell
1095	ACGGTACGTACCGGAT-1	B cell
1098	ACGGTACGTCAAGTAT-1	B cell
1103	ACGGTTTAGAAGCTAG-1	B cell
1104	ACGGTTTAGACTTATG-1	B cell
1105	ACGGTTTAGCGCTCAA-1	B cell
1107	ACGGTTTAGGATGATG-1	B cell
1110	ACGTACCCAACTAGAA-1	B cell
1112	ACGTACCCACAAGCCT-1	B cell
1113	ACGTACCCACACTAAT-1	B cell
1118	ACGTCAAGTATGGTGC-1	B cell
1122	ACGTCCAAGACACTTA-1	B cell
1129	ACGTCCTTCCTAGTTT-1	B cell
1133	ACGTTACAGGCATTGT-1	B cell
1134	ACGTTACAGGTTACGT-1	B cell
1137	ACGTTGTAGAGAGGAG-1	B cell
1139	ACGTTGTAGCCACAAT-1	B cell
1143	ACGTTGTAGTTTAACG-1	B cell
1146	ACTAAAGCACACTAAT-1	B cell
1152	ACTAACCAGGCTAGAA-1	B cell
1153	ACTAACCAGGTGCTGC-1	B cell
1155	ACTAACGGTAAAGCGG-1	B cell
1156	ACTAACGGTGAAACAA-1	B cell
1157	ACTAACGGTGCTTAGA-1	B cell
1159	ACTAACGGTTGGTTGA-1	B cell
1162	ACTAACTCAGCCTTGG-1	B cell
1169	ACTAGGCGTGCATCGG-1	B cell
1177	ACTATCCGTTAGCAGC-1	B cell
1183	ACTATGTCACGTAATT-1	B cell
1190	ACTCACCTCCTAAGGT-1	B cell
1211	ACTCGCGCAGGCTAAG-1	B cell
1212	ACTCGCGCATAGCTTG-1	B cell
1225	ACTTACAAGCGAGGTG-1	B cell
1226	ACTTACAAGGCCCAGT-1	B cell
1228	ACTTACAAGTCAATCA-1	B cell
1231	ACTTACTTCAGGATGA-1	B cell
1237	ACTTAGGGTCCGTGAG-1	Tumour B cell
1238	ACTTAGGGTGTGTGGT-1	B cell
1239	ACTTAGGGTTAGGCTA-1	Tumour B cell
1243	ACTTAGTCACCTAATG-1	B cell
1247	ACTTAGTCAGTCTAAT-1	B cell
1249	ACTTAGTCATTTGCTC-1	B cell
1252	ACTTATCTCCCGCAAA-1	B cell
1258	ACTTATGAGACTAAGG-1	B cell
1261	ACTTATGAGCGGGCAA-1	B cell
1265	ACTTCGCTCATGAGCT-1	Tumour B cell
1266	ACTTCGCTCGCGCTAA-1	B cell
1267	ACTTCGCTCGTTACAA-1	B cell
1280	ACTTGCACAAACCTTG-1	B cell
1282	ACTTGCACAGCTCAAC-1	B cell
1287	ACTTGCACATAATCGT-1	Tumour B cell
1291	ACTTGTAAGCTTAGTA-1	B cell
1294	ACTTGTAAGTAGCGGG-1	B cell
1295	ACTTGTCGTCCCGGAA-1	B cell
1298	ACTTGTCGTTTACGTC-1	B cell
1316	AGAAAGGCAATCCTGA-1	B cell
1320	AGAAAGGCAGTAAGTA-1	B cell
1326	AGAACCAAGGCAGGTG-1	B cell
1327	AGAACCAAGGCTGTCA-1	B cell
1329	AGAACCGCAACAGGAT-1	B cell
1334	AGAACCGCATTAGGTT-1	B cell
1336	AGAAGGTGTGCTCCAC-1	B cell
1338	AGAAGGTGTTAGCCAA-1	B cell
1345	AGAATCTGTAAAGCAA-1	B cell
1354	AGACAATAGCAAGACA-1	B cell
1356	AGACAATAGGCTGGCT-1	B cell
1361	AGACAATAGTCACGAT-1	B cell
1366	AGACACGCAGCCAGTT-1	B cell
1368	AGACCCGGTACCAGGT-1	Tumour B cell
1369	AGACCCGGTAGCTGGT-1	B cell
1370	AGACCCGGTATTGGTG-1	B cell
1372	AGACCCGGTTAGGACC-1	B cell
1373	AGACTATGTAACTACG-1	B cell
1374	AGACTATGTGGGTACT-1	B cell
1377	AGAGAAGCACAAAGCG-1	B cell
1383	AGAGAGGAGGAGGACT-1	B cell
1398	AGAGGAACATTGTGAT-1	B cell
1399	AGAGGAACATTTGCTC-1	B cell
1401	AGAGGATGTGACCTGG-1	Tumour B cell
1412	AGATGCTTCAATTACG-1	B cell
1413	AGATGCTTCCTAAATG-1	B cell
1416	AGCAAATAGAATGACG-1	B cell
1418	AGCAAATAGCAACATC-1	B cell
1422	AGCAACAAGAGAGCCG-1	Tumour B cell
1433	AGCAAGGGTTTGCAGA-1	B cell
1434	AGCAATACAATAGCAA-1	B cell
1435	AGCAATACACGTGCTG-1	B cell
1437	AGCAATACATGATTGT-1	Tumour B cell
1443	AGCACAGCAATAACCT-1	B cell
1446	AGCACTAGTACAAAGA-1	B cell
1448	AGCACTAGTTCCGGCT-1	B cell
1449	AGCACTAGTTCCGGGA-1	B cell
1454	AGCACTTAGCATGACT-1	B cell
1455	AGCACTTAGCGCATTG-1	B cell
1457	AGCACTTAGGACTTAC-1	B cell
1463	AGCATCCCACATTGCA-1	B cell
1480	AGCCAGTGTGTAACCA-1	B cell
1482	AGCCAGTGTTAGGACC-1	B cell
1492	AGCCGGTTCATAACTG-1	B cell
1493	AGCCGGTTCATTACGA-1	B cell
1494	AGCCGGTTCGCTAGCA-1	B cell
1504	AGCCTCCGTTACATCC-1	B cell
1505	AGCCTCCGTTAGGATT-1	B cell
1510	AGCCTGGGTTATAGCG-1	B cell
1517	AGCGATTTCGTTAGTA-1	B cell
1520	AGCGCCTAGTAGCGGG-1	B cell
1522	AGCGCTCAGAAAGCAT-1	B cell
1523	AGCGCTCAGAGGGACT-1	B cell
1525	AGCGCTCAGCCAGTAT-1	B cell
1526	AGCGCTCAGGAGGCAT-1	B cell
1527	AGCGCTCAGTTCCTGC-1	B cell
1528	AGCGCTCAGTTGTCAA-1	Tumour B cell
1534	AGCGGACCAGGAACCA-1	Tumour B cell
1535	AGCGGACCAGGAATCG-1	B cell
1536	AGCGGACCATTGTGGC-1	B cell
1539	AGCGGATAGCACAGAA-1	B cell
1541	AGCGGATAGCGCAATT-1	B cell
1545	AGCGGATAGGATAAAC-1	B cell
1546	AGCGGATAGGATCACT-1	B cell
1553	AGCTAAACAATAAGCA-1	B cell
1557	AGCTAAACATGTTTGG-1	B cell
1559	AGCTAACTCATGCATA-1	B cell
1562	AGCTAACTCTAACCTT-1	Tumour B cell
1566	AGCTACGTCGGTCAAT-1	B cell
1569	AGCTACGTCTTGGATA-1	B cell
1570	AGCTACTAGCAATAGG-1	B cell
1571	AGCTACTAGTAACCAC-1	Tumour B cell
1574	AGCTAGTTCGCTAGCA-1	B cell
1580	AGCTCATAGCGAGCGA-1	B cell
1584	AGCTCATAGGAGGTTA-1	B cell
1598	AGCTTGGTCATGCAAC-1	B cell
1600	AGCTTGGTCGGCCAGT-1	B cell
1606	AGCTTTAAGGCGAATA-1	B cell
1609	AGCTTTAAGTTATCTC-1	B cell
1615	AGGAACCAGCTGTAAC-1	B cell
1618	AGGAACCAGTGAGGGT-1	B cell
1621	AGGAACGGTATGGTGC-1	B cell
1622	AGGAACGGTGTTAGCA-1	B cell
1628	AGGACGTAGTAATCCA-1	B cell
1632	AGGACTAAGGCTACAT-1	B cell
1635	AGGACTAAGTTATCTC-1	B cell
1640	AGGAGCTAGTGCTGTG-1	Tumour B cell
1642	AGGATATAGCTTTGTT-1	B cell
1645	AGGATCCGTGCTCCGT-1	B cell
1649	AGGATGTCAAATACCT-1	B cell
1653	AGGATGTCATTAAGCT-1	B cell
1654	AGGATGTCATTGTTGG-1	B cell
1660	AGGCAATCAAACCTTG-1	Tumour B cell
1665	AGGCAATCATTGTCAG-1	B cell
1667	AGGCAGGTCACAGCGC-1	B cell
1670	AGGCAGGTCTTGCTAT-1	B cell
1671	AGGCCCAGTAGGATTT-1	B cell
1676	AGGCCCAGTTTGGCTT-1	B cell
1677	AGGCGGATCATGTCAA-1	B cell
1678	AGGCTAAAGAGGAGGA-1	B cell
1683	AGGCTAAAGTTTGCGG-1	B cell
1685	AGGCTAGCACAGGAAT-1	B cell
1687	AGGGCCTTCCCGAACA-1	B cell
1695	AGGGCTACACATGCTA-1	B cell
1699	AGGGCTACATTGTGCA-1	B cell
1702	AGGGTTGCACAAAGCG-1	Tumour B cell
1704	AGGGTTGCATACTCCT-1	B cell
1705	AGGTAACCAACAACAA-1	B cell
1708	AGGTACGCAATGCGCT-1	B cell
1709	AGGTACGCACGTGCTG-1	B cell
1710	AGGTACGCAGCTAATT-1	B cell
1711	AGGTACGCATGGCCTG-1	B cell
1713	AGGTATTGTAAGTCGC-1	B cell
1715	AGGTATTGTACCAGGT-1	B cell
1725	AGGTCATTCGTTATCT-1	Tumour B cell
1729	AGGTCCGGTTAAATGC-1	Tumour B cell
1730	AGGTCCGGTTTGCGAA-1	B cell
1732	AGGTCTTAGATGCCTG-1	B cell
1740	AGGTGAGGTATTGCAG-1	B cell
1741	AGGTGAGGTATTTGGG-1	B cell
1742	AGGTGAGGTCACCTAT-1	B cell
1750	AGGTTAACACATAACT-1	B cell
1753	AGGTTACTCAGCTAAC-1	B cell
1755	AGGTTACTCCAACTGG-1	B cell
1769	AGGTTTATCATAAGCC-1	Tumour B cell
1773	AGGTTTATCTACTAAG-1	B cell
1777	AGTAAACAGCGGATAA-1	B cell
1778	AGTAAACAGGTCCTGA-1	B cell
1784	AGTAACCTCATCCTAT-1	Tumour B cell
1789	AGTAACGAGCATGTCG-1	B cell
1794	AGTAACGAGTTTGAGC-1	B cell
1805	AGTAATGCAATAGCCC-1	Tumour B cell
1816	AGTAGCTTCCTAATAG-1	B cell
1818	AGTAGCTTCTAAGGTC-1	B cell
1819	AGTAGCTTCTATTGTC-1	B cell
1820	AGTAGGATCCCGCATT-1	B cell
1822	AGTAGGATCTAAGTGC-1	B cell
1823	AGTATAGCAATTAGGA-1	B cell
1824	AGTATAGCAGCCAGAA-1	B cell
1831	AGTCAAGAGGCCGGAA-1	Tumour B cell
1832	AGTCAAGAGTCCTTTG-1	B cell
1838	AGTCAATGTTAGCAGC-1	Tumour B cell
1839	AGTCAATGTTAGGATT-1	B cell
1840	AGTCAGGCAACAGGTG-1	B cell
1841	AGTCAGGCAACCCTCC-1	B cell
1843	AGTCAGGCAATGCGCT-1	B cell
1844	AGTCAGGCACCAAAGG-1	B cell
1845	AGTCAGGCACCAACCG-1	B cell
1846	AGTCAGGCACTTCATC-1	B cell
1848	AGTCAGGCAGCTAACC-1	B cell
1851	AGTCAGGCATTCAGCA-1	B cell
1852	AGTCCTGAGACTAAGG-1	B cell
1853	AGTCCTGAGGCCCAGT-1	B cell
1854	AGTCCTGAGTAAGTCC-1	B cell
1855	AGTCCTGAGTAGGCGG-1	B cell
1859	AGTCCTTGTTAGTACG-1	B cell
1860	AGTCCTTGTTGAAGCC-1	B cell
1862	AGTCGCATCATCACTT-1	B cell
1866	AGTCGCATCCTTGCGT-1	B cell
1867	AGTCGCATCGCTAAGT-1	Tumour B cell
1869	AGTCTTGCACAGCCTG-1	B cell
1878	AGTGAGTCACTGGCTG-1	Tumour B cell
1885	AGTGATGAGCAGGCCT-1	B cell
1889	AGTGATGAGGGCTAAA-1	B cell
1892	AGTGATGAGTGCTGTG-1	B cell
1895	AGTGCACGTCATGCCC-1	B cell
1902	AGTGCCGGTGCACGCA-1	Tumour B cell
1903	AGTGCGGAGACTTATG-1	B cell
1904	AGTGCGGAGAGAGCCG-1	B cell
1913	AGTGGACAGGAAGCTA-1	B cell
1920	AGTGTGGCAATTGACT-1	B cell
1924	AGTGTTTCAATATAGG-1	B cell
1930	AGTTACATCCAGCACA-1	B cell
1943	AGTTATGTCCTAAATG-1	B cell
1947	AGTTGCAGTACTGAAT-1	B cell
1949	AGTTGCAGTCAGGCCA-1	B cell
1951	AGTTGCAGTTTAACGG-1	B cell
1952	AGTTGCGTCACGCATG-1	B cell
1954	AGTTGCGTCAGGCCTA-1	B cell
1957	AGTTGGCGTAAAGCAA-1	B cell
1958	AGTTGGCGTATGGTGC-1	B cell
1959	AGTTGGCGTCATTAGG-1	B cell
1962	AGTTGGCGTGCGCGTA-1	B cell
1967	AGTTGTCAGCTATTAG-1	B cell
1968	AGTTGTCAGGATCCGC-1	B cell
1971	AGTTTGATCCGCACAA-1	B cell
1976	AGTTTGATCTGCAAGT-1	B cell
1978	AGTTTGCAGGCTGTGC-1	B cell
1979	AGTTTGCAGTGTGATC-1	B cell
1983	ATAACGACAGGAACTG-1	B cell
1985	ATAACGACAGGTTTGC-1	B cell
1989	ATAAGCCTCAGTATTG-1	B cell
1998	ATAAGTCGTATTACCC-1	B cell
2005	ATAATGGCACAAAGAC-1	B cell
2008	ATACCGGTCATGGTTA-1	B cell
2017	ATACCTGCATAGACTT-1	B cell
2023	ATAGCATGTTTGCTGT-1	B cell
2024	ATAGGTACAACTGGCT-1	B cell
2028	ATAGGTACAGCATGGA-1	B cell
2029	ATAGGTACAGTATGTT-1	B cell
2034	ATATAGGCATGAGTTT-1	B cell
2037	ATATGCATCATTAGCA-1	B cell
2038	ATATGCATCGGTTTGG-1	Tumour B cell
2050	ATATGTCCAAGGACCA-1	B cell
2051	ATATGTCCACGGTACT-1	Tumour B cell
2052	ATATGTCCACTAAGAA-1	B cell
2054	ATATGTCCAGGCCAAA-1	B cell
2056	ATATGTCCATCCAGGT-1	B cell
2058	ATCAAGACAAAGCTCC-1	B cell
2059	ATCAAGACAATAATCC-1	B cell
2060	ATCAAGACACTTAGGC-1	B cell
2063	ATCAAGACATAATGTC-1	B cell
2069	ATCAAGCTCACCAATA-1	B cell
2070	ATCAAGCTCCCTCAGT-1	B cell
2071	ATCAAGCTCTGTTGCC-1	B cell
2073	ATCAATCCAGACAAAC-1	B cell
2080	ATCACAATCCTTAGGG-1	Tumour B cell
2081	ATCACAATCGCATTAA-1	B cell
2083	ATCACAATCTTTAGGA-1	B cell
2088	ATCACACAGTCAGTAC-1	Tumour B cell
2090	ATCACCCTCATGACCG-1	B cell
2097	ATCACTAAGCTAATTG-1	B cell
2100	ATCACTAAGGCGGGTA-1	B cell
2107	ATCAGGTTCGCTAGCA-1	B cell
2108	ATCAGGTTCGCTCACT-1	B cell
2110	ATCAGGTTCTAGCTAA-1	B cell
2118	ATCATCAAGTGAGGTA-1	B cell
2122	ATCATGTCACTAGCGT-1	B cell
2131	ATCCAACAGCGATACT-1	B cell
2133	ATCCAACAGGCTACAT-1	B cell
2135	ATCCACCTCCAACTGG-1	B cell
2136	ATCCACCTCCAGGGAG-1	B cell
2140	ATCCATAAGCCTGAGC-1	B cell
2149	ATCCCGCGTGGAAGGC-1	B cell
2152	ATCCCGCGTTGTCCAT-1	B cell
2156	ATCCGTGAGGCGCTTA-1	B cell
2160	ATCCGTGAGTGAACGA-1	B cell
2161	ATCCGTGAGTTCCCAC-1	B cell
2184	ATCGAGGCATTGTGCA-1	B cell
2186	ATCGCCCGTCGCAAAC-1	B cell
2188	ATCGCCCGTTATGTGG-1	B cell
2192	ATCGGCCAGGACACTT-1	B cell
2193	ATCGGCCAGGCTAATC-1	B cell
2204	ATGAAGCCACAACAAA-1	B cell
2205	ATGAAGCCACCAAAGG-1	B cell
2208	ATGAAGCCACTTCATC-1	Tumour B cell
2209	ATGAAGCCAGTTTGGC-1	B cell
2210	ATGAAGCCATCCTAGA-1	B cell
2211	ATGAAGTAGAGAAGGG-1	B cell
2212	ATGAAGTAGCCTGTGA-1	Tumour B cell
2221	ATGACAACAAGGTATA-1	B cell
2223	ATGACAACAATTTAGC-1	B cell
2229	ATGACCAGTTGTGACA-1	Tumour B cell
2232	ATGACGAAGCATTTCT-1	B cell
2234	ATGACGAAGTCATTTC-1	B cell
2239	ATGACTCAGGAGGCAT-1	B cell
2243	ATGAGCCGTAACCACA-1	B cell
2245	ATGAGCCGTAATCCCT-1	B cell
2261	ATGATGGAGGATTTGC-1	B cell
2262	ATGATGGAGGGTGAAC-1	B cell
2267	ATGCAAACAACAGGTG-1	B cell
2269	ATGCAAACACAGCCTG-1	B cell
2271	ATGCAAACACTGGCCA-1	Tumour B cell
2279	ATGCAGGCAGGCGAGT-1	B cell
2281	ATGCAGGCATTTGCTC-1	B cell
2286	ATGCCTGAGCATGTTA-1	B cell
2288	ATGCCTGAGCCTGATG-1	B cell
2289	ATGCCTGAGGAGTAAT-1	B cell
2291	ATGCCTGAGTTATTCC-1	B cell
2300	ATGCTTAAGCATGGTT-1	B cell
2302	ATGCTTAAGCCTAATA-1	B cell
2305	ATGCTTAAGGCGCACT-1	B cell
2306	ATGCTTAAGGCTGTGC-1	Tumour B cell
2309	ATGGACAAGCGAGGTG-1	B cell
2320	ATGGCCGGTTACAACG-1	B cell
2321	ATGGCTAGTAAGCTTG-1	Tumour B cell
2323	ATGGCTAGTTAGCTGA-1	B cell
2324	ATGGCTGTCAGAAACG-1	B cell
2328	ATGGCTTAGTAGGCGG-1	B cell
2329	ATGGTCTAGATAAAGC-1	B cell
2334	ATGGTCTAGTCAGGCC-1	Tumour B cell
2337	ATGGTGCGTGTCACGG-1	B cell
2339	ATGGTGCGTTGCTGGG-1	B cell
2342	ATGGTTATCAGTATTG-1	B cell
2344	ATGTAACGTAAAGCAA-1	B cell
2350	ATGTAACGTCCTAATC-1	B cell
2352	ATGTAACGTGCTTAGA-1	B cell
2354	ATGTAACGTTAAATGC-1	B cell
2357	ATGTAACGTTGCAGTA-1	B cell
2358	ATGTAAGCAAAGCTCC-1	B cell
2378	ATGTCCACAAGCTACC-1	B cell
2379	ATGTCCACACAGCCAT-1	B cell
2383	ATGTCCACAGTACCGT-1	B cell
2385	ATGTGAGAGAGGCTAA-1	Tumour B cell
2386	ATGTGAGAGCCAGTAT-1	B cell
2388	ATGTGAGAGGGTGAGT-1	B cell
2396	ATGTTCAAGGTCTTGG-1	B cell
2397	ATGTTCAAGTGAACCT-1	B cell
2403	ATGTTGTCAGAAACGT-1	Tumour B cell
2409	ATGTTTGAGGATTGCT-1	B cell
2410	ATGTTTGAGGGACTAA-1	Tumour B cell
2411	ATGTTTGAGTAACCAC-1	B cell
2414	ATTAACCCAAGGTCGA-1	B cell
2420	ATTACCCGTGAGAAAC-1	B cell
2422	ATTACCCGTGTAATAC-1	Tumour B cell
2428	ATTACCGCATCACTTC-1	Tumour B cell
2429	ATTACCGCATGTTGTG-1	B cell
2432	ATTACGTCAGGAACTG-1	B cell
2436	ATTACTGAGACTCGCA-1	B cell
2437	ATTACTGAGGACCTTG-1	B cell
2438	ATTACTGAGGCTTAGT-1	B cell
2441	ATTACTGAGTTTGGGT-1	B cell
2443	ATTAGCGGTGTGCAAC-1	B cell
2449	ATTAGCTCAATCCCTT-1	Tumour B cell
2455	ATTAGCTCATCGCTTT-1	Tumour B cell
2474	ATTATCCTCGCAGGCT-1	B cell
2475	ATTATGGTCACGTTAA-1	B cell
2476	ATTATGGTCATTACGA-1	B cell
2484	ATTCAACCAATATACC-1	B cell
2485	ATTCAACCAATCCTGA-1	B cell
2488	ATTCAACCACTGACCG-1	B cell
2490	ATTCAACCAGGCGAGT-1	B cell
2494	ATTCAACCATCGCTCC-1	B cell
2503	ATTCACTTCTTGATGA-1	B cell
2509	ATTCATGAGGACCAGG-1	B cell
2511	ATTCATGAGGCGCACT-1	B cell
2516	ATTCCGGAGCTTTGGG-1	B cell
2523	ATTCCTAGTCAGGCCA-1	B cell
2531	ATTCGTTTCCGTTATT-1	B cell
2532	ATTCGTTTCCTACCTA-1	B cell
2537	ATTCGTTTCTTTAAGG-1	B cell
2538	ATTGAAGCAAACGCGA-1	B cell
2543	ATTGACTCAATCTCTC-1	B cell
2546	ATTGACTCATTCCTGT-1	B cell
2555	ATTGCACAGTTTGCGG-1	B cell
2557	ATTGCAGGTCTCACTG-1	B cell
2558	ATTGCAGGTTACGCAA-1	B cell
2559	ATTGCAGGTTCCGGGA-1	B cell
2561	ATTGCGCCAGTAGCCT-1	B cell
2566	ATTGCTCGTCACGGAT-1	B cell
2568	ATTGCTCGTTTGCTGT-1	B cell
2570	ATTGGCTAGAGAAGGG-1	Tumour B cell
2572	ATTGGCTAGCTGTACG-1	B cell
2574	ATTGGCTAGGTCCTGA-1	B cell
2579	ATTGGTTCAATTAGCT-1	B cell
2582	ATTGGTTCAGTTTGGC-1	B cell
2586	ATTGTCCGTCGACTAA-1	B cell
2591	ATTGTGATCCACCCTG-1	B cell
2600	ATTTAGGTCGTTATAG-1	B cell
2601	ATTTAGGTCTTAGTCT-1	B cell
2603	ATTTGCAAGCAGCTCA-1	B cell
2605	ATTTGCGCACGAATTT-1	Tumour B cell
2608	ATTTGTGAGCCGCAGT-1	B cell
2610	ATTTGTGAGTACCGCA-1	B cell
2614	CAAACAACAGAGGGAG-1	B cell
2615	CAAACAACAGGCCTTG-1	B cell
2617	CAAACAACATCGCTCC-1	Tumour B cell
2621	CAAACACTCCTAATGA-1	B cell
2623	CAAACATGTAGCCATA-1	B cell
2626	CAAACATGTGCGCAAT-1	B cell
2632	CAAACATGTTCGCGCT-1	B cell
2644	CAAACGCGTTCCATTA-1	B cell
2646	CAAACGCGTTGTCCAT-1	B cell
2649	CAAACTGGTCCGGTTC-1	B cell
2652	CAAAGCGCAATGAATG-1	B cell
2656	CAAAGGATCATGAGCT-1	B cell
2657	CAAAGGATCCCTGATC-1	B cell
2660	CAAAGGATCTTAATGG-1	B cell
2664	CAAAGTGAGGCATTGT-1	Tumour B cell
2669	CAAATCATCATTGTCT-1	B cell
2684	CAACAGGCAAGTCGCT-1	B cell
2689	CAACAGGCAGGTCCTG-1	B cell
2691	CAACAGGCATAAAGCA-1	B cell
2694	CAACCCGCACAGCCAT-1	B cell
2697	CAACCCTTCACCGGTA-1	B cell
2698	CAACCCTTCAGGCTAT-1	B cell
2701	CAACCCTTCGTTTCTG-1	B cell
2713	CAACTAGGTTATCGAG-1	B cell
2714	CAACTAGGTTCATTTG-1	B cell
2720	CAAGAACCAAGGAATC-1	B cell
2721	CAAGAACCAAGGTGCA-1	B cell
2722	CAAGAACCAAGTAAGC-1	B cell
2723	CAAGAACCACAGAAAC-1	B cell
2730	CAAGAACCATAGACCC-1	B cell
2740	CAAGGCCTCAGCACGC-1	Tumour B cell
2742	CAAGGCCTCTAGCTAA-1	B cell
2743	CAAGGCCTCTCACTCA-1	B cell
2744	CAAGGCCTCTCCTCAA-1	B cell
2751	CAAGGGAGTAACCAGC-1	B cell
2753	CAAGGGAGTCAGGCAT-1	B cell
2755	CAAGGGAGTCTAGCTT-1	Tumour B cell
2762	CAAGGTAAGTTGTCCC-1	B cell
2782	CAAGTATGTTAAGCGC-1	B cell
2784	CAAGTGAAGGGATGAC-1	Tumour B cell
2787	CAAGTGAAGTGGCGGA-1	B cell
2788	CAAGTGAAGTTTCCTG-1	B cell
2791	CAAGTTATCGTCAAGT-1	B cell
2795	CAATAAGCAGGCTACT-1	B cell
2799	CAATAGCTCAGAAACG-1	B cell
2801	CAATAGCTCGCTCACT-1	Tumour B cell
2803	CAATAGCTCGTTAACA-1	B cell
2809	CAATATGTCCCTCAGT-1	B cell
2811	CAATATGTCGAGCAAA-1	B cell
2812	CAATCCCTCACCAATA-1	B cell
2819	CAATCCCTCTTAGCGG-1	B cell
2822	CAATCGCCAAGGACCA-1	B cell
2826	CAATCTAAGCGCTCAA-1	B cell
2831	CAATCTAAGTGAGCAA-1	B cell
2835	CAATGAACAGCTTACA-1	B cell
2837	CAATGACTCGAGCAAA-1	B cell
2845	CAATGCCCATTGCGAC-1	Tumour B cell
2848	CAATGTCAGCGGCTGT-1	B cell
2861	CACAAGCGTTAAGGCC-1	B cell
2862	CACAATATCACGCCAA-1	B cell
2870	CACAGGCTCTTGAGGT-1	B cell
2879	CACATAATCCCGCCTA-1	B cell
2881	CACATAATCGATCAGT-1	B cell
2883	CACATACAGCAGCTCA-1	B cell
2888	CACATTAAGCCGCTTT-1	B cell
2889	CACATTAAGGCTAATC-1	B cell
2890	CACATTAAGTATTGTG-1	B cell
2891	CACCAACCAATATACC-1	B cell
2896	CACCAACCATTGTCCT-1	B cell
2897	CACCGGTAGAAAGCAT-1	B cell
2916	CACGCAATCACCATTT-1	B cell
2917	CACGCAATCATCCTCA-1	B cell
2920	CACGCTAAGCAAGGTA-1	B cell
2922	CACGCTAAGGCGTAAA-1	Tumour B cell
2924	CACGCTAAGTTGGCCA-1	B cell
2928	CACTAAGGTCGCGCAA-1	B cell
2929	CACTAAGGTGTGCACG-1	Tumour B cell
2930	CACTAAGGTTGTAACG-1	B cell
2932	CACTAAGGTTTGAGGC-1	B cell
2938	CACTAGCCAGCTCATA-1	B cell
2939	CACTAGCCAGGCAAGC-1	B cell
2940	CACTAGCCATGTCAGC-1	B cell
2941	CACTGACCACCTGCCT-1	B cell
2945	CACTGACCATTAAACC-1	B cell
2950	CACTTAAAGTTATCTC-1	B cell
2952	CACTTTGTCATGCTCC-1	B cell
2954	CACTTTGTCCCATAAA-1	Tumour B cell
2955	CACTTTGTCCTTAATC-1	B cell
2960	CAGAACCGTCTTTATG-1	B cell
2964	CAGAACCGTTCCTCCT-1	B cell
2965	CAGAATCTCACAGCCA-1	B cell
2973	CAGCAAGCATGGCCCA-1	B cell
2977	CAGCATGTCCTAATGA-1	Tumour B cell
2978	CAGCATGTCCTTCGTA-1	B cell
2989	CAGCCAATCTAACCAA-1	B cell
2990	CAGCCAATCTTGAGCG-1	B cell
2998	CAGCCTTTCCATCAGG-1	B cell
2999	CAGCCTTTCGACAAAG-1	B cell
3002	CAGCCTTTCTAAGGTC-1	B cell
3009	CAGCTATAGACAAACG-1	B cell
3016	CAGCTCAAGTGCACGC-1	B cell
3019	CAGGAAGGTACGGTAC-1	B cell
3021	CAGGAAGGTTAATGAC-1	B cell
3025	CAGGACACAGACAAAC-1	B cell
3027	CAGGACACAGGACCTT-1	B cell
3029	CAGGATGCAAGTGAAC-1	B cell
3038	CAGGCTGGTGCTTACT-1	B cell
3039	CAGGCTGGTGTGAGGA-1	B cell
3048	CAGGGCTTCGCTCACT-1	B cell
3069	CAGGTTAGTTTATTCG-1	B cell
3085	CAGTACCCAGCATGTC-1	B cell
3088	CAGTATGGTCAGGCAT-1	B cell
3098	CATAACGGTTTCCGGC-1	B cell
3104	CATAAGCTCGTTTCGC-1	B cell
3106	CATAAGCTCTTTAAGG-1	B cell
3110	CATAATCCAAGGAATC-1	B cell
3114	CATAATCCATTCCTCG-1	B cell
3117	CATAATGTCGCTTGCT-1	Tumour B cell
3118	CATAATGTCGGTACGC-1	B cell
3124	CATAGACTCATGAGCT-1	B cell
3128	CATAGACTCGAGGAAC-1	B cell
3134	CATAGGCGTCCTCCAA-1	B cell
3135	CATAGGCGTCGCAAAC-1	B cell
3144	CATAGGTTCGATTTGA-1	B cell
3148	CATAGTCAGGACAACA-1	B cell
3154	CATATCGCAAGGGTTG-1	B cell
3155	CATATCGCATACTCCT-1	B cell
3158	CATCAATCAGAACCGA-1	B cell
3165	CATCACACAACAACAA-1	B cell
3168	CATCACACACGAATCC-1	B cell
3171	CATCACACAGGTTAAA-1	B cell
3172	CATCACACATCGCTCC-1	B cell
3173	CATCAGCCAATATACC-1	B cell
3174	CATCAGCCAGCAGGTA-1	B cell
3175	CATCAGCCAGCATGGA-1	B cell
3176	CATCAGCCAGCTTAAT-1	B cell
3179	CATCATAAGGATAAAC-1	Tumour B cell
3191	CATCCCAGTCGCAAAC-1	B cell
3192	CATCCCAGTGCAATAT-1	B cell
3198	CATCCTGGTCTTGCTG-1	B cell
3202	CATCCTGGTGTGTGGT-1	B cell
3208	CATCGCTTCTTTAAGG-1	B cell
3212	CATGAGGCATTATGCG-1	B cell
3223	CATGCATAGTAAGGGC-1	B cell
3229	CATGCGGGTGAGCACT-1	B cell
3234	CATGGATTCTATGACA-1	B cell
3240	CATGGCGGTCACGAAC-1	B cell
3241	CATGGCGGTGACATGC-1	Tumour B cell
3243	CATGGCGGTTCGCTCA-1	B cell
3249	CATTATCTCCCGTTGT-1	B cell
3250	CATTATCTCCTGGCTT-1	B cell
3253	CATTATCTCTAACCTT-1	B cell
3255	CATTATCTCTTGATGA-1	B cell
3257	CATTATGAGCACAGGG-1	B cell
3260	CATTATGAGGCAATAG-1	B cell
3263	CATTATGAGTAGGCGG-1	Tumour B cell
3264	CATTCATTCCGCACAA-1	B cell
3269	CATTCCTCACCGTTCC-1	B cell
3271	CATTCCTCAGTCTAGC-1	B cell
3274	CATTCCTCATTCCTCG-1	B cell
3275	CATTCCTCATTGTTGG-1	B cell
3276	CATTGCGAGTGAACGA-1	B cell
3278	CATTGTAAGCTACTGG-1	Tumour B cell
3292	CCAAACCCAATTAGGA-1	Tumour B cell
3293	CCAAACCCACCTAAGC-1	B cell
3300	CCAAACTAGGAGGTTA-1	B cell
3301	CCAAACTAGGCAGGTG-1	B cell
3304	CCAAACTAGGTTTACA-1	B cell
3306	CCAAACTAGTGTGATC-1	B cell
3312	CCAACATAGCAATAGG-1	B cell
3315	CCAACATAGTATTGCA-1	B cell
3316	CCAACCAAGACTAAGG-1	B cell
3323	CCAACCAAGGCGCATC-1	B cell
3331	CCAACCCGTGCTTAGA-1	B cell
3332	CCAACCCGTGGACATC-1	B cell
3333	CCAACCCGTGGATTGC-1	B cell
3335	CCAACCCGTTCGCGCT-1	B cell
3344	CCAAGGCTCGTTAACA-1	B cell
3354	CCAAGTTAGGGATTAG-1	B cell
3355	CCAAGTTAGGTGAAGC-1	B cell
3357	CCAAGTTAGTTATCCT-1	B cell
3358	CCAATATCACTGACTA-1	B cell
3361	CCAATATCAGGAATCG-1	B cell
3362	CCAATATCAGGTTATT-1	B cell
3363	CCAATATCATATAACC-1	B cell
3364	CCAATATCATTGCGTA-1	B cell
3382	CCACATTGTCAGGCCA-1	B cell
3384	CCACTTGGTAATGACT-1	B cell
3391	CCAGACTCAGCAACAG-1	B cell
3396	CCAGCCTGTTATCGAG-1	B cell
3400	CCAGCTAAGCGATAAG-1	B cell
3402	CCAGCTAAGGATCACT-1	B cell
3407	CCAGCTGCAAGTCGCT-1	B cell
3411	CCAGCTGCAGAAATTG-1	B cell
3415	CCAGCTGCATCTTGAG-1	Tumour B cell
3417	CCAGGAACACCGGTAT-1	B cell
3418	CCAGGAACACCTCGCT-1	B cell
3430	CCATAAATCAGGCTAT-1	B cell
3437	CCATAAGGTCAATGTG-1	B cell
3439	CCATAAGGTGGTTCTT-1	B cell
3447	CCATAGCCAATAAGCA-1	B cell
3452	CCATAGCCAGTAAAGC-1	B cell
3456	CCATATTTCGCACACA-1	B cell
3458	CCATCACTCAGTATTG-1	B cell
3460	CCATCACTCCAGCACA-1	B cell
3462	CCATCACTCGGTTCCT-1	B cell
3464	CCATCACTCTCAATGA-1	B cell
3469	CCATCATGTTCTTTAG-1	B cell
3472	CCCAAACCAAACTCAT-1	B cell
3473	CCCAAACCAAGGTGGC-1	B cell
3480	CCCAAATAGGCTACAT-1	Tumour B cell
3482	CCCAATTGTAATCGCA-1	B cell
3488	CCCAATTGTTACTAGG-1	B cell
3489	CCCAATTGTTGACTTC-1	B cell
3491	CCCAGCACAACTAGAA-1	Tumour B cell
3496	CCCAGCACAGGCTGTT-1	B cell
3503	CCCAGTTTCTAGCTAA-1	B cell
3504	CCCAGTTTCTTGTCTG-1	B cell
3505	CCCATAACAGATAGAC-1	B cell
3506	CCCATAACATGCTTAG-1	B cell
3509	CCCGCAACAGCTAATT-1	B cell
3512	CCCGCTTCACTTAGGC-1	B cell
3527	CCCTCACCATGAATCT-1	B cell
3528	CCCTCACCATTATCCC-1	B cell
3530	CCCTCAGTCCATTACT-1	B cell
3531	CCCTCAGTCCTCAGCT-1	Tumour B cell
3532	CCCTCAGTCCTTCGTA-1	Tumour B cell
3534	CCCTCATAGCCGCTAA-1	Tumour B cell
3536	CCCTCATAGGGCTAAA-1	Tumour B cell
3537	CCCTGGACAACACTTG-1	B cell
3539	CCCTGGACATAAAGCA-1	B cell
3547	CCCTTAATCATTGTCT-1	B cell
3559	CCGATGCAGCGGATAA-1	B cell
3561	CCGATGCAGGCCCAGT-1	Tumour B cell
3567	CCGCAAATCATTAGCA-1	B cell
3568	CCGCAAATCCCTCATA-1	B cell
3574	CCGCAAGGTCAACAAT-1	B cell
3576	CCGCACACAATAGCAA-1	B cell
3579	CCGCACACACTTCATC-1	B cell
3580	CCGCACACAGCCTGCA-1	B cell
3585	CCGCTAAAGAGGAGTC-1	B cell
3586	CCGCTAAAGATAAAGC-1	B cell
3592	CCGCTAGCAGAAATTG-1	B cell
3595	CCGCTTAGTACGTTTC-1	B cell
3597	CCGCTTAGTCTATCGT-1	B cell
3599	CCGCTTAGTTAGCCAA-1	Tumour B cell
3602	CCGGTAGGTGACATGC-1	B cell
3603	CCGGTAGGTGCTGGTG-1	B cell
3606	CCGGTAGGTTAACAGT-1	B cell
3609	CCGGTTAAGCAGGTTT-1	B cell
3612	CCGGTTAAGGTCCAAT-1	B cell
3619	CCGTTAACACTAGGTC-1	B cell
3621	CCGTTAACATCCCGCT-1	B cell
3622	CCGTTAACATGTTGGC-1	B cell
3623	CCGTTAACATTATGCG-1	B cell
3624	CCGTTAACATTGTCAG-1	B cell
3626	CCGTTACTCCGTAAAC-1	B cell
3628	CCGTTATGTATTTGGG-1	B cell
3634	CCGTTATGTTGGCCGA-1	B cell
3635	CCGTTGCGTCCTTCTC-1	B cell
3637	CCGTTGCGTTGCTTCG-1	B cell
3641	CCGTTTGGTTACGCAA-1	B cell
3656	CCTAAATCATAGCTTG-1	B cell
3657	CCTAAGCCAAGTGAAC-1	B cell
3659	CCTAAGCCAGCTAATT-1	Tumour B cell
3663	CCTAAGGTCCAATTAG-1	B cell
3665	CCTAAGGTCCTCCTAA-1	B cell
3666	CCTAAGGTCGAAGTAG-1	B cell
3667	CCTAAGGTCGCTAGAT-1	B cell
3669	CCTAAGGTCTAAGGAG-1	B cell
3670	CCTAAGTAGGACGTAA-1	B cell
3676	CCTAATAAGGCTAATC-1	B cell
3682	CCTAATCGTCAATAGT-1	B cell
3683	CCTAATCGTCATGCCC-1	B cell
3687	CCTACTGGTGCGCGTA-1	B cell
3688	CCTACTGGTTTAAAGC-1	Tumour B cell
3690	CCTACTTCAAGGTGCA-1	Tumour B cell
3691	CCTACTTCAATAGTCT-1	Tumour B cell
3697	CCTAGTTGTCATAGAT-1	B cell
3698	CCTAGTTGTCGTAATG-1	B cell
3699	CCTAGTTGTTTAGCGA-1	B cell
3700	CCTATAGCACAATTAC-1	B cell
3707	CCTATATTCAATGACC-1	B cell
3708	CCTATATTCCACAATA-1	B cell
3712	CCTATATTCGTTAGCG-1	B cell
3713	CCTATTGTCAGCAAAG-1	Tumour B cell
3716	CCTATTGTCCGCCTCA-1	Tumour B cell
3718	CCTATTGTCGCGCTAA-1	Tumour B cell
3727	CCTCAAACAGCCAGTT-1	B cell
3730	CCTCAAACATTCAGCA-1	B cell
3731	CCTCAATGTAGACAAA-1	Tumour B cell
3732	CCTCAATGTGTGCAAC-1	B cell
3736	CCTCAGTTCATCAGTA-1	B cell
3739	CCTCCTCTCCTAGTAA-1	B cell
3744	CCTCCTGAGGCAACAA-1	B cell
3750	CCTGACTTCACAAGCT-1	B cell
3758	CCTGACTTCCGGTTGA-1	Tumour B cell
3760	CCTGACTTCTCAATAG-1	B cell
3777	CCTGCTCCAGTAAGTA-1	B cell
3779	CCTGGATCAATCTCTC-1	Tumour B cell
3782	CCTGGATCATACTCCT-1	B cell
3784	CCTGGATCATTATGGT-1	B cell
3791	CCTGGTAAGTTCCTGC-1	Tumour B cell
3794	CCTGTAACACAGACTC-1	B cell
3795	CCTGTAACACCTCAGG-1	Tumour B cell
3796	CCTGTAACAGGTTAAA-1	Tumour B cell
3804	CCTGTATGTGCGCAAT-1	B cell
3807	CCTGTTGGTCCAAGAC-1	B cell
3808	CCTGTTGGTGACATGC-1	B cell
3815	CCTTACTCAACAACAA-1	B cell
3816	CCTTACTCAATGAAGC-1	B cell
3819	CCTTACTCATTGTCAG-1	B cell
3821	CCTTAGTGTGAGACTC-1	B cell
3826	CCTTATGTCATGCTTT-1	B cell
3829	CCTTATGTCGATATTG-1	B cell
3832	CCTTATGTCTGGTCCT-1	B cell
3835	CCTTCAATCAAGCCTG-1	B cell
3837	CCTTCAATCAGGCTAT-1	B cell
3839	CCTTCAATCATTTGTC-1	B cell
3844	CCTTCAATCGTTAGCG-1	Tumour B cell
3846	CCTTCAGGTACAAAGA-1	B cell
3851	CCTTCAGGTTTGTGGA-1	B cell
3855	CCTTCGTAGCGCAATT-1	B cell
3856	CCTTCGTAGCTAAGTC-1	B cell
3864	CCTTGCGTCAGCACCA-1	B cell
3865	CCTTGCGTCCTTCGTA-1	B cell
3867	CCTTGCGTCGCTAAGT-1	B cell
3872	CCTTGTTCACAGAACG-1	B cell
3880	CCTTTAGTCGCTATGG-1	B cell
3881	CCTTTAGTCGGGATTT-1	B cell
3897	CGAAGAATCCTAGTTT-1	B cell
3906	CGAAGCGAGCCGCTAA-1	B cell
3908	CGAAGCGAGGAAGTAT-1	B cell
3914	CGAAGGCCAATTAAGG-1	B cell
3916	CGAAGGCCACCTACGG-1	B cell
3917	CGAAGGCCAGAGGGAG-1	B cell
3918	CGAAGGCCATCAATCG-1	B cell
3926	CGAATATGTTAATCGG-1	B cell
3928	CGAATCTAGACTTATG-1	B cell
3930	CGAATCTAGCGAGTAA-1	B cell
3933	CGAATCTAGTCACCTC-1	B cell
3941	CGACCTGCAGAAATTG-1	B cell
3945	CGACTAAGTAAGTCGC-1	B cell
3965	CGAGCTGGTTCATTTG-1	B cell
3967	CGAGGAAGTAGGTTTG-1	B cell
3974	CGAGGCAAGACTAAGG-1	Tumour B cell
3975	CGAGGCAAGCGATAAG-1	B cell
3977	CGAGGCAAGTCTATGA-1	B cell
3980	CGAGGTGAGCGCTCAA-1	B cell
3981	CGAGGTGAGGGCCATC-1	Tumour B cell
3982	CGAGGTGAGTTTGGTA-1	B cell
3997	CGATATTCACCGGTAT-1	B cell
3999	CGATATTCAGCAAGAT-1	B cell
4000	CGATATTCAGCCGCTA-1	Tumour B cell
4002	CGATATTCAGGACCTT-1	B cell
4011	CGATGTCCAAACTCAT-1	B cell
4014	CGATGTCCAGCCGCTA-1	B cell
4020	CGATTATCAGAATGAC-1	B cell
4026	CGATTCCTCATCACTT-1	B cell
4027	CGATTCCTCCCTTGCG-1	B cell
4033	CGATTGAGTAAGCTTG-1	B cell
4038	CGATTTGCAGTAGGAT-1	B cell
4048	CGCAATAGTCCTAGTT-1	B cell
4049	CGCAATAGTGATTTGG-1	B cell
4053	CGCAATCCACAGAAAC-1	B cell
4056	CGCAATGTCCCGCCTA-1	B cell
4058	CGCAATGTCCGGAACC-1	B cell
4066	CGCAATTAGCTGAGGG-1	B cell
4068	CGCAATTAGGGTGAAC-1	B cell
4072	CGCACACAGCTCCTAC-1	B cell
4078	CGCACACAGTTATCCT-1	Tumour B cell
4090	CGCATGATCAAGTGTC-1	B cell
4097	CGCATTACACACTAAT-1	B cell
4106	CGCCAAATCCGCCTCA-1	B cell
4114	CGCCACACATAAAGCA-1	B cell
4117	CGCCTCATCACCAATA-1	B cell
4120	CGCCTCATCAGGCTAT-1	Tumour B cell
4121	CGCCTCATCATGCTCC-1	B cell
4122	CGCCTCATCATTTAGG-1	B cell
4123	CGCCTCATCCGCCAAA-1	B cell
4128	CGCCTCATCGTTTCCA-1	B cell
4131	CGCCTGTGTCTTTGAC-1	B cell
4134	CGCCTGTGTTTCGCCA-1	B cell
4136	CGCGATTCAACTAGAA-1	B cell
4145	CGCTAACCAGTTGCGT-1	B cell
4153	CGCTACTTCAGCCAAT-1	Tumour B cell
4156	CGCTACTTCCCATAAA-1	B cell
4159	CGCTACTTCGATTTGA-1	B cell
4160	CGCTACTTCGCACACA-1	B cell
4166	CGCTCAGCAATAACGA-1	Tumour B cell
4180	CGCTTAACAAAGCTAA-1	B cell
4181	CGCTTAACAACCTGGT-1	B cell
4186	CGCTTACTCAATTACG-1	B cell
4188	CGCTTACTCCTCAGCT-1	B cell
4189	CGCTTACTCGGCCATA-1	B cell
4195	CGCTTGCGTATACTGG-1	B cell
4196	CGCTTGCGTGGATTAT-1	B cell
4205	CGGAATCGTTAGTTGG-1	B cell
4208	CGGACAACAATGAAGC-1	B cell
4214	CGGACAACATCTTGAG-1	Tumour B cell
4219	CGGACCTAGCAGCTAT-1	B cell
4228	CGGATAAAGAGAAGGG-1	B cell
4229	CGGATAAAGCGAAGTA-1	B cell
4234	CGGATTAGTCCTTAGT-1	B cell
4238	CGGCAATGTAATGGAA-1	B cell
4242	CGGCAATGTTTCGCCA-1	B cell
4244	CGGCCATAGCAGGTGG-1	B cell
4249	CGGCCATAGTTCCCAC-1	B cell
4258	CGGCTCACAGCTAATT-1	B cell
4260	CGGCTCACATAGACCC-1	B cell
4264	CGGGACAAGCCTGGTA-1	B cell
4266	CGGGACAAGGACAATG-1	B cell
4272	CGGGCTTAGTATTGTG-1	B cell
4275	CGGGCTTAGTCTGGGC-1	B cell
4279	CGGGTATGTAAGCTCA-1	B cell
4280	CGGGTATGTAATCGGC-1	B cell
4281	CGGGTATGTCGTTATC-1	B cell
4282	CGGGTATGTGCTAGAC-1	B cell
4284	CGGGTCTAGCGCTCAA-1	B cell
4285	CGGGTCTAGTAGCGCC-1	B cell
4288	CGGTAACGTGAGGTAG-1	B cell
4294	CGGTGAACAGCTAACC-1	Tumour B cell
4297	CGGTGAGAGCGAGCGA-1	B cell
4299	CGGTGAGAGTAACGAG-1	B cell
4303	CGGTTATAGACCATAC-1	B cell
4309	CGGTTCCGTCCTTCTC-1	Tumour B cell
4312	CGGTTCCGTTGCACGG-1	B cell
4315	CGGTTGGGTCACAGAC-1	B cell
4317	CGGTTGGGTCATCAAG-1	Tumour B cell
4324	CGGTTGGGTTTGGTTC-1	B cell
4326	CGGTTTCTCCAGGGAG-1	B cell
4327	CGGTTTCTCCCGCCTA-1	B cell
4339	CGTAACCCACTGACTA-1	Tumour B cell
4344	CGTAACTAGCAGGTGG-1	B cell
4345	CGTAACTAGCATGGTT-1	B cell
4348	CGTAACTAGTTGCGTG-1	Tumour B cell
4352	CGTACGGGTAATTAGC-1	B cell
4360	CGTAGCGGTTAGGCGT-1	B cell
4364	CGTAGTTAGCATGGTT-1	Tumour B cell
4370	CGTATTGCACTGGCTG-1	B cell
4371	CGTATTGCAGGCATCT-1	B cell
4378	CGTATTGCATTGGGAG-1	B cell
4381	CGTCAATAGGAGTAAT-1	B cell
4382	CGTCAATAGGCAACAA-1	B cell
4387	CGTCATTGTAACGTGC-1	B cell
4389	CGTCATTGTGAGCGAA-1	B cell
4391	CGTCATTGTTGCACAA-1	B cell
4396	CGTCCTAGTGTTCCCA-1	B cell
4397	CGTCCTAGTTACTTGC-1	Tumour B cell
4399	CGTCCTAGTTTACGTC-1	B cell
4401	CGTGAGGAGAGAAGGG-1	B cell
4403	CGTGAGGAGGGCTTTG-1	B cell
4404	CGTGAGGAGTTGTCCC-1	B cell
4413	CGTGCTGCATGTTGGC-1	B cell
4420	CGTGGTTCAGTTAGCC-1	B cell
4421	CGTGGTTCATACTCCT-1	Tumour B cell
4425	CGTGTGTCAGGCTTCG-1	B cell
4426	CGTGTGTCAGGTTACC-1	B cell
4428	CGTGTTACAGTGAACG-1	B cell
4434	CGTTAAATCGCTAGAT-1	Tumour B cell
4435	CGTTAACAGAAGCTAG-1	B cell
4436	CGTTAACAGAGAAGGG-1	Tumour B cell
4442	CGTTAGGTCCGCCTCA-1	B cell
4445	CGTTAGGTCTAATCTC-1	B cell
4447	CGTTAGGTCTTCAATC-1	B cell
4448	CGTTAGTAGCAAGGAC-1	B cell
4449	CGTTAGTAGCATTTCT-1	B cell
4451	CGTTAGTAGGAACACA-1	B cell
4455	CGTTATCGTAACTACG-1	B cell
4464	CGTTATTTCAGGTCCA-1	B cell
4471	CGTTGCAAGCGCTCAA-1	B cell
4472	CGTTGCAAGCTTATGA-1	B cell
4473	CGTTGCAAGGAGTAAT-1	B cell
4475	CGTTGCGCAGCCTTGG-1	B cell
4481	CGTTTCTCAGAGGGAG-1	B cell
4488	CGTTTGGAGGCAACAA-1	B cell
4489	CGTTTGGAGGCTTAAC-1	B cell
4490	CGTTTGGAGGGCTAAA-1	B cell
4493	CTAAAGCTCATGTGGT-1	B cell
4494	CTAAAGCTCCTCATGC-1	Tumour B cell
4496	CTAAAGCTCGAGCTAT-1	B cell
4497	CTAAAGCTCGCTATGG-1	B cell
4502	CTAAATGTCCGCCTAT-1	B cell
4505	CTAAATGTCTCGCCTG-1	B cell
4507	CTAACCACAACTCGCG-1	B cell
4511	CTAACCCTCGCAACAT-1	B cell
4515	CTAACCTGTGGATTCA-1	B cell
4520	CTAAGTCAGAACAAGT-1	B cell
4522	CTAAGTCAGCGCCTTT-1	B cell
4534	CTAATCCGTTTGGGTA-1	B cell
4538	CTAATCGCATAGCTGC-1	B cell
4539	CTAATCTTCATCCTAT-1	B cell
4540	CTAATCTTCCGGTTGA-1	B cell
4543	CTAATCTTCTCACTCA-1	B cell
4555	CTACAACAGGGCCACT-1	B cell
4560	CTACCGGCACCGGTAT-1	B cell
4566	CTACCTCAGTCAATCA-1	B cell
4567	CTACGAAGTAATCGCA-1	B cell
4569	CTACGAAGTATTCGCT-1	B cell
4570	CTACGAAGTCACAGCG-1	B cell
4575	CTACTAAAGCTACTGG-1	Tumour B cell
4579	CTACTTAGTTGGATAT-1	B cell
4582	CTAGATTCACTCGCTC-1	B cell
4586	CTAGATTCATCCCTCA-1	B cell
4593	CTAGCGGGTTGCCTCA-1	B cell
4600	CTAGCTGAGTGAACGA-1	B cell
4603	CTAGCTTGTATTACCC-1	B cell
4607	CTAGCTTGTTAAGTGT-1	B cell
4608	CTAGCTTGTTTAGTCC-1	Tumour B cell
4609	CTAGGACGTAAACAAG-1	B cell
4610	CTAGGACGTCACACCC-1	Tumour B cell
4611	CTAGGACGTTACCGGG-1	B cell
4614	CTAGGCGGTACTGAAT-1	B cell
4619	CTAGTAATCCAAACAC-1	Tumour B cell
4623	CTAGTAGGTCCGTGAG-1	B cell
4646	CTATAACCAGTCTAAT-1	B cell
4653	CTATGACAGTCACCAG-1	B cell
4654	CTATGACAGTGGACAA-1	B cell
4658	CTATGAGGTTACAACG-1	Tumour B cell
4664	CTATGATCACATAACT-1	Tumour B cell
4668	CTATGGCCAGCAAATA-1	B cell
4670	CTATGGCCAGGCTTGT-1	B cell
4673	CTATGTTTCACTAATG-1	Tumour B cell
4682	CTATTACTCGTACCGA-1	B cell
4684	CTATTCAGTCGTTACT-1	B cell
4689	CTATTGAAGTACCGCA-1	B cell
4700	CTCACACTCTTGCAAA-1	B cell
4708	CTCAGGATCACGCCAA-1	B cell
4712	CTCAGGATCCTTAGGG-1	B cell
4714	CTCAGGATCTTAATGG-1	Tumour B cell
4715	CTCAGGATCTTTAAGG-1	B cell
4718	CTCATCATCGGTCATG-1	Tumour B cell
4726	CTCATGCTCTAATCCT-1	B cell
4728	CTCATTAGTTGTTGGA-1	B cell
4735	CTCATTTAGAGAGGCT-1	B cell
4745	CTCCAAACAGCATGTC-1	B cell
4749	CTCCAAACATGAGTTT-1	B cell
4752	CTCCATCAGAATCTCA-1	B cell
4754	CTCCATCAGGACCAGG-1	B cell
4763	CTCCGGACATTGACAT-1	B cell
4766	CTCCGTCCAGATTCAT-1	B cell
4770	CTCCTAATCACAGCGC-1	B cell
4773	CTCCTAATCCAGGTCA-1	B cell
4779	CTCCTCACAAGTAAGC-1	Tumour B cell
4781	CTCCTCACACAATTAC-1	B cell
4784	CTCCTCACAGTTTCTC-1	B cell
4786	CTCCTGAGTGGAGCAA-1	B cell
4791	CTCGACAAGGTCATTA-1	B cell
4794	CTCGACAAGTTGCGTG-1	B cell
4796	CTCGCTAGTTCCGGGA-1	B cell
4800	CTCGCTCCAATTATGC-1	B cell
4803	CTCGTTATCATGCGTG-1	B cell
4805	CTCGTTATCTGTGCCT-1	B cell
4807	CTCTAAGCAAGGTGCA-1	B cell
4810	CTCTAAGCAGGTTATT-1	B cell
4815	CTCTAGCTCAACAAGG-1	B cell
4818	CTCTAGCTCCTGGTCT-1	B cell
4823	CTCTATGTCGCTAGAT-1	Tumour B cell
4825	CTCTCACAGCCGCTTT-1	B cell
4827	CTCTCACAGCTTACTT-1	B cell
4830	CTCTGTTCAATCCCTT-1	B cell
4833	CTCTGTTCAGAGAGCC-1	B cell
4839	CTGAAACTCTTGCATT-1	B cell
4840	CTGAATATCACCAATA-1	B cell
4842	CTGAATATCCATTACT-1	B cell
4844	CTGAATATCCTTAGGG-1	B cell
4845	CTGAATATCTGTGCAG-1	B cell
4861	CTGACCAAGTCATTTC-1	B cell
4869	CTGATCACAGCAAGAT-1	B cell
4870	CTGATCACAGTTTGTG-1	B cell
4876	CTGCTACTCCTAAATG-1	B cell
4881	CTGCTATGTCCTAGTT-1	B cell
4885	CTGCTCCCAACCTGGT-1	Tumour B cell
4889	CTGCTCCCATTGTGAT-1	B cell
4892	CTGGACCAGGGTGGAT-1	B cell
4895	CTGGACCAGTTATCCT-1	Tumour B cell
4898	CTGGATGTCAGGTCCA-1	B cell
4909	CTGGTAAGTTAGGATT-1	B cell
4910	CTGGTAAGTTTGTCTA-1	B cell
4912	CTGGTCAAGCCTCTCG-1	B cell
4914	CTGGTCAAGGGACGCA-1	B cell
4915	CTGGTCAAGTCACCTC-1	B cell
4923	CTGGTTTGTGTTGCTT-1	B cell
4932	CTGTACCTCCTAATTC-1	B cell
4933	CTGTACCTCCTAGTTT-1	Tumour B cell
4934	CTGTACCTCCTGTTCA-1	B cell
4941	CTGTATTTCAAACACC-1	B cell
4943	CTGTATTTCAGGAAGC-1	B cell
4949	CTGTGTGAGGCTAAGA-1	B cell
4952	CTGTTCATCAGGTCCA-1	B cell
4954	CTGTTCATCTTGTCTG-1	B cell
4962	CTGTTGGAGGCATTAC-1	Tumour B cell
4966	CTGTTTAGTAGGTTTG-1	B cell
4972	CTTAACAAGTTGCCTC-1	B cell
4974	CTTAAGATCCAGGTTG-1	B cell
4977	CTTAAGGGTAACGAGG-1	B cell
4982	CTTAAGGGTTTGCTGT-1	B cell
4985	CTTAATGAGCCGCTAA-1	B cell
4987	CTTAATGAGCTTTGGG-1	B cell
4991	CTTAATGAGGTGAAAT-1	B cell
4995	CTTACCGGTCAGGAAG-1	B cell
4997	CTTACCGGTTGTAACG-1	Tumour B cell
4998	CTTACCGGTTTGTGGA-1	B cell
4999	CTTACCTCAAAGCGCA-1	B cell
5001	CTTACCTCAGCTTACA-1	B cell
5003	CTTACCTCATGTCAGC-1	B cell
5006	CTTACTAGTCCGCTGT-1	B cell
5007	CTTACTAGTGAGCAAG-1	B cell
5009	CTTAGGAGTGCGCAAT-1	B cell
5011	CTTAGGAGTGTTGTAG-1	B cell
5013	CTTAGGAGTTTCCGGC-1	B cell
5015	CTTAGTTTCACCTGTC-1	B cell
5016	CTTAGTTTCATAGACC-1	B cell
5028	CTTATGTTCCTCATCA-1	B cell
5034	CTTATTGGTGACATAT-1	B cell
5038	CTTATTGGTTGCATCT-1	B cell
5042	CTTCAAGCAACAGGAT-1	B cell
5049	CTTCAAGCATCAATCG-1	Tumour B cell
5051	CTTCAATTCACACAGT-1	B cell
5059	CTTCAATTCTGTGCAG-1	B cell
5061	CTTCACTCAGAAATTG-1	B cell
5066	CTTCAGGAGCCTAACG-1	B cell
5070	CTTCATCCAATCCTGA-1	B cell
5071	CTTCATCCACAAACTT-1	Tumour B cell
5081	CTTCTCAAGACAACAG-1	B cell
5086	CTTCTCAAGTCCTTTG-1	B cell
5094	CTTGAACAGTAAGTCC-1	B cell
5106	CTTGACGAGAGGAAGG-1	B cell
5111	CTTGCAACAAACTGTT-1	B cell
5114	CTTGCAACAACCCTCC-1	B cell
5115	CTTGCAACACACCAAC-1	B cell
5117	CTTGCATGTAGCTAAT-1	B cell
5128	CTTGCGCGTTGCTGGG-1	B cell
5130	CTTGCTCAGCCGGTAC-1	B cell
5143	CTTGTAAAGGCGGATG-1	B cell
5154	CTTGTTCCAAAGCCTC-1	B cell
5160	CTTGTTCCAGTTTCTC-1	Tumour B cell
5162	CTTGTTCCATCTAGCA-1	B cell
5163	CTTGTTCCATGAATAG-1	Tumour B cell
5167	CTTTAGGCAAACATAG-1	B cell
5168	CTTTAGGCACACAATT-1	B cell
5169	CTTTAGGCACCTCAGG-1	B cell
5175	CTTTAGTTCGAGGTGG-1	B cell
5180	CTTTATCAGCATTATG-1	B cell
5183	CTTTATGGTACGGTAC-1	B cell
5185	CTTTATGGTGTGTCCC-1	B cell
5187	CTTTATGGTTGCACGG-1	B cell
5188	CTTTCTTGTAACCAGC-1	B cell
5206	CTTTGAGCATTAAGTC-1	B cell
5214	CTTTGGGAGTCCTTCA-1	B cell
5225	CTTTGTCCACTGACCG-1	B cell
5227	CTTTGTCCAGGGAGGA-1	B cell
5228	CTTTGTCCATAGCGAG-1	B cell
5231	CTTTGTCCATTAAACC-1	B cell
5232	GAAACCCGTGACCTGG-1	B cell
5233	GAAACCCGTTCAAGAT-1	B cell
5234	GAAACCCGTTCGCGCT-1	B cell
5237	GAAACTGAGGCTACTG-1	B cell
5238	GAAACTGAGGGTGGAT-1	Tumour B cell
5239	GAAACTGAGGTAAGCA-1	B cell
5243	GAAAGCCAGTAAGTCC-1	B cell
5246	GAAAGGCTCTTACTCG-1	B cell
5247	GAAAGGCTCTTTAGGA-1	B cell
5249	GAACACAAGCACTAAC-1	B cell
5252	GAACACAAGGCTAGAA-1	B cell
5254	GAACACAAGGTACCGC-1	Tumour B cell
5255	GAACACAAGTCAGGCC-1	B cell
5256	GAACACAAGTGACCTG-1	B cell
5259	GAACCAAAGCAACATC-1	B cell
5261	GAACCAAAGCGATAAG-1	B cell
5269	GAACCAAAGTTGGCCA-1	B cell
5270	GAACCAGCAAGGCCAA-1	B cell
5274	GAACCAGCAGGAACAT-1	B cell
5284	GAACCTTAGCGAGGTG-1	B cell
5287	GAACCTTAGTGCTGTG-1	B cell
5294	GAACTTATCATAAGCC-1	B cell
5301	GAAGCCTGTATTCGCT-1	B cell
5304	GAAGCCTGTTAACAGT-1	B cell
5307	GAAGCTAAGCAGCTCA-1	B cell
5310	GAAGCTAAGGGTTAGA-1	Tumour B cell
5314	GAAGGAACAGATAGAC-1	B cell
5317	GAAGGATGTAACCACA-1	B cell
5328	GAAGGCCCAAGTTATC-1	B cell
5330	GAAGGCCCACCTAAGC-1	B cell
5335	GAAGGCCCATGTCAAT-1	B cell
5344	GAAGTAAGTTAACAGT-1	B cell
5348	GAAGTATAGCGGATTT-1	Tumour B cell
5349	GAAGTATAGGCGGGTA-1	B cell
5352	GAAGTCAAGACTAAGG-1	B cell
5360	GAAGTGATCTTGTTCG-1	B cell
5362	GAATTTGTCAAGTGAG-1	B cell
5367	GAATTTGTCTCCATGC-1	B cell
5369	GACAATACAACAACAA-1	B cell
5376	GACACCGGTGGTTCCC-1	Tumour B cell
5382	GACATAGAGCGCCTTT-1	B cell
5383	GACATAGAGCGGATTT-1	B cell
5385	GACATAGAGTATGTGC-1	B cell
5396	GACCGAACAGTAATAG-1	B cell
5402	GACCTAAGTTTATCTG-1	B cell
5413	GACCTCAAGCTCAATA-1	B cell
5414	GACCTCAAGGAATAAC-1	B cell
5417	GACCTGATCATGCTCC-1	B cell
5419	GACCTGATCGTCAAGT-1	B cell
5423	GACCTGCAGCACTAGT-1	Tumour B cell
5425	GACCTGCAGCTTCTCA-1	B cell
5427	GACCTGCAGGATTGAG-1	B cell
5428	GACCTGCAGGGTTAGA-1	B cell
5429	GACCTGCAGGTTAGCT-1	B cell
5440	GACGCAACACAACAAA-1	B cell
5442	GACGCAACAGCATTAT-1	B cell
5444	GACGCCTAGCACTTGG-1	Tumour B cell
5446	GACGTAAAGCAGGTTT-1	B cell
5452	GACTAATGTGCAACTA-1	B cell
5454	GACTAATGTTTATGGG-1	Tumour B cell
5455	GACTATTCAAGACTCC-1	B cell
5459	GACTATTCAGCCGCTA-1	B cell
5460	GACTATTCAGGGAGCT-1	B cell
5464	GACTCACCACCCTCAC-1	B cell
5465	GACTCACCACTTCATC-1	B cell
5471	GACTCACCATGCTATG-1	B cell
5479	GACTTAGGTTAGCAGC-1	Tumour B cell
5482	GACTTGGTCACAAGCT-1	B cell
5483	GACTTGGTCCCTGGAA-1	B cell
5484	GACTTGGTCGAAGCGG-1	B cell
5485	GACTTGGTCGGTTTCC-1	B cell
5489	GACTTGGTCTCGCCCA-1	Tumour B cell
5490	GAGAAACGTACTGATG-1	B cell
5504	GAGATAAGTGAGAAAC-1	B cell
5505	GAGATAAGTTACTTCA-1	B cell
5506	GAGATAAGTTATCGAG-1	B cell
5512	GAGCAAATCGCAATCG-1	B cell
5513	GAGCAAATCGCATTAA-1	B cell
5517	GAGCAAGGTGTGTGGT-1	B cell
5520	GAGCATGCAATATAGG-1	B cell
5526	GAGCCACTCGAGGAGT-1	B cell
5529	GAGCCTTCAACAACAA-1	B cell
5530	GAGCCTTCAATAATGG-1	B cell
5533	GAGCGAAGTAGTTGGC-1	B cell
5546	GAGCTAGCACCTCAGG-1	B cell
5548	GAGCTAGCAGGAACTG-1	B cell
5554	GAGCTGCTCGTTATAG-1	B cell
5556	GAGCTTAGTCACCAAA-1	B cell
5557	GAGCTTAGTCGACTCC-1	B cell
5559	GAGCTTGTCAAGGACA-1	B cell
5561	GAGGACTAGCAGCTAT-1	B cell
5562	GAGGACTAGGCAACAA-1	B cell
5563	GAGGACTAGGCGAATA-1	B cell
5565	GAGGAGGCAAACCCTA-1	B cell
5568	GAGGAGGCAATCCTGA-1	B cell
5570	GAGGAGGCACACTAAT-1	B cell
5591	GAGGCTACAACCTGGT-1	B cell
5597	GAGGCTACAGCTAATT-1	B cell
5605	GAGGCTTGTTTCCGGC-1	B cell
5611	GAGGGAGCAGCTAACC-1	Tumour B cell
5615	GAGGGAGCATCATGTG-1	B cell
5617	GAGGTACAGGAGGTTA-1	B cell
5620	GAGGTACAGTAACCCG-1	B cell
5621	GAGGTAGGTAACCAGC-1	B cell
5626	GAGGTAGGTTCATTTG-1	B cell
5627	GAGGTGAGTATCTGGA-1	Tumour B cell
5628	GAGGTGAGTCATGAGC-1	B cell
5637	GAGGTTAAGCCAGTAT-1	B cell
5642	GAGTAACCAGTTTGTG-1	B cell
5644	GAGTAATAGCACTAGT-1	Tumour B cell
5645	GAGTAATAGGAACGCG-1	B cell
5646	GAGTAATAGGAGGTTA-1	B cell
5647	GAGTAATAGTCTGGGC-1	B cell
5649	GAGTAATAGTTTGGGT-1	B cell
5652	GAGTATCTCGGTCAGC-1	B cell
5653	GAGTATCTCTCTAGCC-1	B cell
5654	GAGTCAAAGAACAAGT-1	B cell
5656	GAGTCAAAGCTTTGTT-1	B cell
5657	GAGTCAAAGGCTAAGA-1	B cell
5661	GAGTCATTCCGCCAAA-1	Tumour B cell
5667	GAGTGAGGTGGGTGAA-1	B cell
5668	GAGTGAGGTTAACGGC-1	B cell
5669	GAGTGAGGTTCACTGT-1	B cell
5670	GAGTGAGGTTGCCTCA-1	B cell
5672	GAGTGATCAACCTAAT-1	B cell
5673	GAGTGATCAATAGCAA-1	Tumour B cell
5678	GAGTGATCAGCTCATA-1	B cell
5682	GAGTGTTTCAACCAAC-1	B cell
5685	GAGTGTTTCCTAAGAC-1	B cell
5687	GAGTGTTTCCTCATCA-1	B cell
5693	GAGTTACTCCTGAATA-1	Tumour B cell
5694	GAGTTACTCGGTCAAT-1	B cell
5695	GAGTTACTCGGTCAGC-1	B cell
5698	GAGTTACTCTTTGTAC-1	B cell
5715	GATAACGAGGAGGCAT-1	B cell
5716	GATAACGAGGCTTAGT-1	B cell
5718	GATAACGAGTAATCCA-1	B cell
5720	GATAAGCCAAGCTTAT-1	B cell
5722	GATAATCGTGCTCCAC-1	B cell
5725	GATAGACCACTTAACG-1	B cell
5733	GATCAAGAGTGCACGC-1	B cell
5742	GATCACTAGTTGTCCC-1	B cell
5744	GATCAGGCAATTAAGG-1	Tumour B cell
5752	GATCAGTTCCTAAATG-1	Tumour B cell
5756	GATCAGTTCTAAGGTC-1	B cell
5758	GATCAGTTCTTGTTCG-1	B cell
5775	GATCGCTCAATATACC-1	Tumour B cell
5776	GATCGCTCACCCTCAC-1	B cell
5778	GATCGCTCAGGCGAGT-1	B cell
5781	GATGACTTCTAGCGTG-1	Tumour B cell
5785	GATGAGGGTGGGAACA-1	B cell
5788	GATGCAGCAACAACAA-1	B cell
5789	GATGCAGCAAGGTAAC-1	B cell
5793	GATGCAGCAGCATGAG-1	B cell
5798	GATGCATTCGGTAACT-1	B cell
5809	GATGGACAGGTCCGTA-1	B cell
5813	GATTAAGCAAGCTTAT-1	B cell
5815	GATTAAGCAGCAAATA-1	B cell
5817	GATTACGGTACGTTTC-1	B cell
5819	GATTACGGTTTATGGG-1	Tumour B cell
5823	GATTACTCAAGCTAAA-1	B cell
5829	GATTAGCTCACGTTAA-1	B cell
5830	GATTAGCTCATGCTCC-1	B cell
5833	GATTAGCTCTCACACC-1	Tumour B cell
5835	GATTAGTGTGGTTATG-1	B cell
5841	GATTATGTCCCGAAGC-1	B cell
5849	GATTCAATCTACCTGC-1	B cell
5853	GATTCAGGTGATTTGG-1	B cell
5856	GATTCAGGTTGTTGTC-1	B cell
5863	GATTCCTGTCGCATAA-1	B cell
5868	GATTCCTGTTGGCGTG-1	B cell
5870	GATTCGCCAAGGTACG-1	B cell
5874	GATTCGCCATGCAACC-1	B cell
5876	GATTGATGTCAGTAAT-1	B cell
5883	GATTGCGTCCGGTTAG-1	B cell
5884	GATTGCGTCCTAAGTA-1	B cell
5888	GATTGGCGTTAACGGC-1	B cell
5891	GATTGGTTCAAATCGC-1	B cell
5892	GATTGGTTCACTCAAA-1	B cell
5895	GATTGTTCAAGTGAAC-1	B cell
5896	GATTGTTCACAATTAC-1	B cell
5901	GATTGTTCATAAGTTC-1	B cell
5905	GATTTGCAGAACCTGT-1	B cell
5908	GATTTGCAGCACTAAC-1	B cell
5909	GATTTGCAGGAGGCAT-1	B cell
5913	GCAAACAAGCAAGATG-1	B cell
5921	GCAAACTTCAGGTTTA-1	B cell
5923	GCAAACTTCCATCAGG-1	B cell
5928	GCAAACTTCGAAGCGG-1	B cell
5931	GCAACAGCAACTGGCT-1	B cell
5932	GCAACAGCAGACAAAC-1	B cell
5933	GCAACAGCAGGAACCA-1	B cell
5937	GCAAGCCTCCAAGTTA-1	B cell
5940	GCAAGCCTCCTGATTT-1	B cell
5941	GCAAGTCGTATACTGG-1	B cell
5944	GCAAGTCGTGTTTCAC-1	B cell
5946	GCAATAGAGACAGGCG-1	B cell
5952	GCAATCTAGAGGCTAA-1	B cell
5955	GCAATCTAGGAAACTG-1	B cell
5956	GCAATCTAGTAAGTGG-1	B cell
5964	GCAATGTTCCAGGTCA-1	B cell
5969	GCACATTAGCTAAAGG-1	B cell
5972	GCACATTAGGATTTGC-1	B cell
5984	GCACGAACAAGTGAAC-1	B cell
5986	GCACGAACACCAGGTT-1	B cell
6011	GCACTTACATGTTTGG-1	B cell
6015	GCAGCAACAATGCCCG-1	B cell
6020	GCAGCCAGTGGAAGGC-1	B cell
6021	GCAGCCAGTTAAGTGT-1	B cell
6024	GCAGCTATCAACAAGG-1	B cell
6026	GCAGCTATCAGTTCCC-1	B cell
6027	GCAGCTATCATCACTT-1	B cell
6030	GCAGCTATCCCGCATT-1	B cell
6034	GCAGCTATCTATCGCC-1	B cell
6035	GCAGCTATCTCACACC-1	B cell
6038	GCAGGAAGTAATGACT-1	Tumour B cell
6040	GCAGGAAGTAGGTTTG-1	Tumour B cell
6042	GCAGGAAGTCTTGCTG-1	B cell
6044	GCAGGAAGTGTTAGCA-1	B cell
6045	GCAGGAAGTTCTTTAG-1	B cell
6049	GCAGGACCATGAAGTA-1	B cell
6060	GCAGGCTTCTCCATGC-1	B cell
6062	GCAGGCTTCTTGTCTG-1	B cell
6068	GCAGGTTGTACGTTTC-1	B cell
6074	GCAGGTTGTGGGTACT-1	B cell
6077	GCATATATCAGGTTTA-1	Tumour B cell
6078	GCATATATCGCACACA-1	B cell
6088	GCATGAAAGGGTGAGT-1	B cell
6091	GCATGAGCAGGCCATT-1	B cell
6093	GCATGAGCATGGCCCA-1	B cell
6096	GCATTAGGTTAGTACG-1	B cell
6098	GCATTGCCAGCATGTC-1	Tumour B cell
6101	GCATTGCCATCCCGCT-1	B cell
6102	GCCAACATCACTTCAT-1	B cell
6112	GCCAATTAGGCCCAGT-1	Tumour B cell
6114	GCCACAATCATTTGTC-1	B cell
6115	GCCACAATCCCGTTTA-1	B cell
6117	GCCACACAGCTTCCCG-1	B cell
6118	GCCACACAGGGCTTTG-1	Tumour B cell
6123	GCCACACAGTTTCCTG-1	Tumour B cell
6126	GCCAGGAAGCATGTTA-1	B cell
6128	GCCAGGAAGCGCTAAT-1	B cell
6129	GCCAGGAAGCTGTACG-1	B cell
6134	GCCAGGTTCAATGTGC-1	B cell
6136	GCCAGGTTCACGTTAA-1	B cell
6144	GCCATGATCCATTACT-1	B cell
6161	GCCCAAATCTACCTCA-1	B cell
6164	GCCCATAAGCCAAATC-1	B cell
6169	GCCCGTTGTATTGGTG-1	B cell
6174	GCCCGTTGTTTGCGCC-1	B cell
6176	GCCGTGAGTTGCACAA-1	B cell
6178	GCCGTGAGTTTGAGGC-1	B cell
6179	GCCTAATAGCACTAAC-1	B cell
6186	GCCTACTTCTAAATCG-1	Tumour B cell
6187	GCCTACTTCTAATCCT-1	B cell
6189	GCCTATTGTCACCAAA-1	B cell
6194	GCCTCAAAGCGCTAAT-1	B cell
6195	GCCTCAAAGGACGTAA-1	B cell
6204	GCCTCGACAGGAACTG-1	B cell
6208	GCCTGACAGGATTGAG-1	B cell
6211	GCCTGAGGTATTGGAT-1	B cell
6212	GCCTGAGGTCCGGTTC-1	Tumour B cell
6214	GCCTGAGGTCTTGCTG-1	B cell
6216	GCCTGCTGTCAAGTGC-1	B cell
6220	GCCTGTGCAGGACCTT-1	B cell
6221	GCCTTAACAAGACTCC-1	B cell
6223	GCCTTAACAATTGACT-1	B cell
6227	GCCTTAACATTGTGAT-1	Tumour B cell
6230	GCCTTACTCCTAATTC-1	B cell
6235	GCCTTAGAGCCTGACA-1	B cell
6236	GCCTTAGAGCTGAGGG-1	B cell
6247	GCCTTTATCCGCAACA-1	B cell
6248	GCCTTTATCGTGCTTC-1	Tumour B cell
6252	GCCTTTGGTGAATCGC-1	B cell
6256	GCGAAGTAGCAAGACA-1	B cell
6257	GCGAAGTAGGAGCATA-1	B cell
6260	GCGAAGTAGTCAGTAC-1	Tumour B cell
6262	GCGAGTGAGAGGAGGA-1	B cell
6263	GCGAGTGAGCCGCAGT-1	B cell
6265	GCGAGTGAGGGTTATC-1	B cell
6268	GCGATATTCATGCTCC-1	B cell
6274	GCGATTAGTGTGCAAC-1	B cell
6281	GCGATTTAGGTCTTGG-1	B cell
6284	GCGATTTAGTTTCCGC-1	B cell
6288	GCGCAAACAGCTAACC-1	B cell
6290	GCGCAATGTTGTGATG-1	B cell
6301	GCGCTAGGTAATGACT-1	B cell
6302	GCGCTAGGTAGTTAAC-1	B cell
6305	GCGCTAGGTGTTAAAC-1	B cell
6306	GCGCTAGGTTCGGGAT-1	B cell
6308	GCGCTTAAGCTATATG-1	B cell
6309	GCGCTTAAGCTTACTT-1	B cell
6320	GCGGAACCAACCCTAA-1	Tumour B cell
6334	GCGGGTTTCCTCACTA-1	B cell
6335	GCGGGTTTCCTCATGC-1	Tumour B cell
6336	GCGGGTTTCCTTAAGA-1	B cell
6344	GCGGTTATCCCGAACA-1	B cell
6346	GCGGTTATCCTAGTCC-1	B cell
6349	GCGGTTGGTTAAGCGC-1	B cell
6351	GCGTAACGTGTAATAC-1	Tumour B cell
6352	GCGTAACGTTAAGCCA-1	B cell
6358	GCGTGCTAGGTTACGT-1	B cell
6360	GCGTTTCTCATTATGG-1	B cell
6363	GCGTTTCTCCTAATAG-1	B cell
6366	GCGTTTCTCGGGACCT-1	B cell
6371	GCTAACAGTGTTGTAG-1	Tumour B cell
6372	GCTAACAGTTAATGCG-1	B cell
6373	GCTAACCCACAGGAAT-1	Tumour B cell
6378	GCTAAGAAGCGGCTGT-1	B cell
6380	GCTAAGAAGGAACCGG-1	B cell
6381	GCTAAGAAGGGCTTTG-1	B cell
6385	GCTAAGCGTCCTAGTT-1	Tumour B cell
6387	GCTAAGCGTTGACTTC-1	Tumour B cell
6389	GCTAAGTTCAAGCTAC-1	B cell
6392	GCTAAGTTCGCTAAGT-1	B cell
6394	GCTAAGTTCTCAATGA-1	B cell
6396	GCTAATATCAGTGAAG-1	B cell
6400	GCTAATATCTGCAAGT-1	B cell
6401	GCTAGCCAGCAACATC-1	B cell
6403	GCTAGCCAGGCGAATA-1	B cell
6407	GCTAGCCAGTGTGATC-1	B cell
6408	GCTAGCGGTAATCGTG-1	B cell
6409	GCTAGCGGTACCAGGT-1	B cell
6413	GCTAGCGGTTCCTGAT-1	B cell
6415	GCTAGCTCAAGTTATC-1	B cell
6417	GCTAGCTCACCTCGCT-1	Tumour B cell
6419	GCTAGCTCAGCAAGGC-1	B cell
6420	GCTAGCTCAGCCTAAC-1	B cell
6422	GCTAGTGTCAGCTAAC-1	B cell
6429	GCTATAGGTCATCAAG-1	B cell
6434	GCTATCCTCCAAGTGT-1	B cell
6435	GCTATCCTCCAGGTCA-1	B cell
6450	GCTCAACCATTATGCG-1	B cell
6453	GCTCACAAGGACCTCA-1	B cell
6455	GCTCACAAGTTAGCCG-1	B cell
6458	GCTCATTGTCACAGCG-1	B cell
6466	GCTCCTTAGAACCTGT-1	Tumour B cell
6473	GCTCCTTAGTAATCCA-1	B cell
6475	GCTCGATCAATTAACC-1	B cell
6489	GCTCTGTTCTAAGTGC-1	B cell
6494	GCTGACATCCGCAAAT-1	B cell
6498	GCTGACATCGTTAACA-1	B cell
6499	GCTGACCAGACTTATG-1	B cell
6503	GCTGACCAGGTGTTAC-1	B cell
6508	GCTGAGGAGCCGGTAC-1	B cell
6509	GCTGAGGAGCTACTGG-1	Tumour B cell
6512	GCTGAGGAGTCATTTC-1	B cell
6513	GCTGATCCAATGCGCT-1	B cell
6522	GCTGCAATCCGGAACC-1	B cell
6523	GCTGCAATCCGTTATT-1	B cell
6527	GCTGCACAGCAATAGG-1	B cell
6530	GCTGCATCAAGCCACT-1	B cell
6539	GCTGGATGTAAGCTCA-1	B cell
6541	GCTGGATGTTGTTGTC-1	B cell
6550	GCTGTAAGTAGCTAAT-1	B cell
6555	GCTGTACCAACTAGCC-1	B cell
6559	GCTGTACCATTGGGAG-1	B cell
6563	GCTGTGATCCTTGAGG-1	Tumour B cell
6565	GCTGTGCAGCTAAAGG-1	B cell
6575	GCTTAACAGCGCATTG-1	Tumour B cell
6577	GCTTAACAGGGACTAA-1	B cell
6583	GCTTACCTCATGGCCA-1	B cell
6588	GCTTAGTAGCTTATGA-1	Tumour B cell
6596	GCTTCGCGTTTGACCT-1	B cell
6600	GCTTGACCACCAGGTT-1	B cell
6604	GCTTGTTGTCATTACC-1	B cell
6606	GCTTGTTGTTAGCCAA-1	Tumour B cell
6613	GCTTTATTCGGCTAGC-1	B cell
6618	GCTTTCATCGCGCTAA-1	B cell
6622	GCTTTGTGTACGGGTT-1	B cell
6626	GGAAACTCAAGTTATC-1	B cell
6628	GGAAACTCACCAGGTT-1	B cell
6635	GGAACAATCTTGTCCA-1	B cell
6637	GGAACCACAATGAAGC-1	B cell
6643	GGAACCACATCGTTCT-1	B cell
6647	GGAACCTGTAGCTAAT-1	B cell
6649	GGAACCTGTGGAAACG-1	B cell
6651	GGAACCTGTTTGTGGA-1	Tumour B cell
6652	GGAACGGTCATAACCA-1	B cell
6657	GGAACTAAGCAACATC-1	B cell
6666	GGAAGCTAGCGAGGTG-1	B cell
6668	GGAAGCTAGTGAGGGT-1	B cell
6671	GGAAGTATCCCTCATA-1	B cell
6673	GGAAGTATCGTTAGTA-1	Tumour B cell
6676	GGAATCTTCAAATCGC-1	B cell
6677	GGAATCTTCAATCTCT-1	Tumour B cell
6678	GGAATCTTCACGCATG-1	B cell
6680	GGAATCTTCAGCAAGA-1	B cell
6681	GGAATCTTCATTGTTC-1	B cell
6684	GGAATCTTCTCAATTC-1	B cell
6685	GGAATCTTCTTAGCCC-1	B cell
6688	GGACAGCCAACCGCCA-1	B cell
6689	GGACAGCCAACTAACT-1	B cell
6692	GGACAGCCATTAAACC-1	B cell
6694	GGACATAAGTTGGCCA-1	B cell
6702	GGACCTCAGGGACGCA-1	B cell
6716	GGACTAAAGAGGAGTC-1	B cell
6718	GGACTAAAGCATGGTT-1	B cell
6725	GGAGCAAGTTCATCTA-1	Tumour B cell
6726	GGAGCAAGTTTCCGGC-1	B cell
6727	GGAGCATAGCAAGATG-1	B cell
6728	GGAGCGATCAGGTTTA-1	B cell
6729	GGAGCGATCATGCTTT-1	B cell
6732	GGAGGTTAGCATGTCG-1	B cell
6734	GGAGGTTAGCTATATG-1	B cell
6737	GGAGGTTAGTAACTCA-1	Tumour B cell
6738	GGAGGTTAGTCGCAAT-1	B cell
6740	GGAGTCTGTACGGTAC-1	B cell
6741	GGAGTCTGTATTACCC-1	Tumour B cell
6742	GGAGTCTGTGAGACTC-1	B cell
6743	GGAGTCTGTGGAGCAA-1	B cell
6747	GGAGTGAGTAATCACG-1	B cell
6748	GGAGTGAGTCATGAGC-1	B cell
6749	GGAGTGAGTCGACTCC-1	B cell
6750	GGAGTGAGTCGTTACT-1	B cell
6752	GGAGTGAGTTTCGCCA-1	B cell
6754	GGATAACCAATCCTAG-1	B cell
6755	GGATAACCACAGAACG-1	B cell
6758	GGATAACCATAATGTC-1	B cell
6760	GGATACTTCAATGACC-1	B cell
6764	GGATACTTCCGGCTAA-1	Tumour B cell
6766	GGATACTTCGTGCTAG-1	B cell
6768	GGATATTGTCAGGCCA-1	Tumour B cell
6772	GGATATTGTTTGCGAA-1	B cell
6773	GGATATTGTTTGGGTA-1	B cell
6778	GGATGAATCTAATCAG-1	B cell
6783	GGATGGCCACCGGCTA-1	B cell
6784	GGATGGCCAGCAAATA-1	B cell
6786	GGATGGCCAGGCATCT-1	B cell
6788	GGATGGCCATTATGCG-1	B cell
6790	GGATGTAAGCCTGACA-1	B cell
6792	GGATGTAAGGCCTTAG-1	B cell
6794	GGATGTAAGTTACCGG-1	B cell
6795	GGATTATGTATTCGTC-1	B cell
6799	GGATTATGTTGTTGGA-1	Tumour B cell
6800	GGATTCAGTAACTACG-1	Tumour B cell
6809	GGATTTATCGCTTCTA-1	B cell
6811	GGCAAATCAGCAAGTG-1	B cell
6812	GGCAAATCAGTCTAAT-1	B cell
6824	GGCAATCGTTGTCATC-1	B cell
6826	GGCAGGATCATAATCG-1	B cell
6827	GGCAGGATCATTACTC-1	B cell
6828	GGCAGGATCCCTGATC-1	B cell
6831	GGCAGGATCGCTTCTA-1	B cell
6836	GGCATGGAGGAGGACT-1	B cell
6839	GGCATTAGTAGCCATA-1	Tumour B cell
6842	GGCATTAGTGCAACTA-1	B cell
6844	GGCATTAGTTGGTGAC-1	B cell
6852	GGCCAACTCCGTCCAT-1	B cell
6856	GGCCATCAGGTAAGGC-1	B cell
6859	GGCCGTTAGTATCGCG-1	B cell
6860	GGCCTAATCAATGACC-1	B cell
6871	GGCCTCTGTCATTGTC-1	B cell
6872	GGCCTCTGTTAGACCA-1	B cell
6881	GGCCTTCGTATTCGTC-1	B cell
6883	GGCCTTCGTTAGTGAT-1	Tumour B cell
6886	GGCGATACACTTCATC-1	B cell
6888	GGCGATACAGGCGATA-1	B cell
6895	GGCGGTAAGGTGCTGC-1	B cell
6901	GGCGTTATCACAGCCA-1	B cell
6905	GGCGTTATCGACAAAG-1	B cell
6911	GGCTAGTGTATTGAGT-1	B cell
6912	GGCTAGTGTGATGAAA-1	B cell
6920	GGCTATGTCTTAGTGA-1	B cell
6921	GGCTATGTCTTGAGGT-1	B cell
6931	GGCTCACAGGAGGCAT-1	B cell
6933	GGCTCACAGGGACTAA-1	B cell
6938	GGCTGAGAGTTAGCCG-1	B cell
6944	GGCTGGTTCTTTAAGG-1	Tumour B cell
6948	GGCTGTCAGGAGGTTA-1	B cell
6958	GGCTTCAAGGACTTAC-1	B cell
6959	GGCTTCAAGGTTTGAC-1	Tumour B cell
6970	GGGAGTAGTTACTTCA-1	B cell
6971	GGGATTAAGCACTTGG-1	B cell
6972	GGGATTAAGCCGCAGT-1	B cell
6974	GGGATTAAGGAGTCGG-1	B cell
6977	GGGATTAAGTCACTAA-1	B cell
6980	GGGCAATAGCCTGTGA-1	B cell
6983	GGGCATGAGATGCCTG-1	B cell
6990	GGGCATTGTGTGAGAG-1	Tumour B cell
6992	GGGCATTGTTTACGTC-1	Tumour B cell
6996	GGGCCTAGTAATGGCC-1	B cell
6997	GGGCCTAGTACTGATG-1	B cell
7018	GGGTCACTCATAACGC-1	B cell
7027	GGGTGAAGTTAAGCCA-1	B cell
7029	GGGTGAAGTTTAAAGC-1	B cell
7030	GGGTGTTGTCGCGCAA-1	B cell
7036	GGGTTACGTTCCGGCT-1	B cell
7043	GGGTTTCCAACTAGAA-1	B cell
7046	GGGTTTCCATGTGGGA-1	B cell
7052	GGGTTTGTCCCTCACG-1	B cell
7053	GGGTTTGTCCTAACGG-1	B cell
7056	GGGTTTGTCTAAGTGC-1	B cell
7059	GGTAAACCACAAAGCG-1	B cell
7064	GGTAAACCATACTCCT-1	B cell
7071	GGTAACTTCAGGAAGC-1	Tumour B cell
7074	GGTAAGGGTAACGAGG-1	B cell
7078	GGTAAGGGTCATTACC-1	Tumour B cell
7083	GGTAATTGTATTGTCC-1	B cell
7088	GGTACAAAGAGAAGGG-1	B cell
7092	GGTACAAAGTAGGCGG-1	B cell
7093	GGTACAAAGTATTGGC-1	B cell
7094	GGTACCGGTGAGACTC-1	B cell
7100	GGTACTAGTACTTCAC-1	B cell
7104	GGTACTAGTTAGACCA-1	B cell
7115	GGTAGGAGTGGATGTC-1	B cell
7118	GGTATGTTCCGCAAGC-1	B cell
7120	GGTATGTTCCTGAGTG-1	B cell
7125	GGTATTGGTGGATGTC-1	B cell
7131	GGTATTTCAATATACC-1	B cell
7136	GGTCAAGCAGCAGGTA-1	B cell
7138	GGTCAAGCAGTAGGAT-1	B cell
7145	GGTCAATTCCCTGATC-1	Tumour B cell
7150	GGTCAGGAGGGACGCA-1	B cell
7159	GGTCATTAGTTGTCCC-1	Tumour B cell
7163	GGTCCATCAGCACCAT-1	B cell
7168	GGTCCGTAGGCATGAA-1	B cell
7169	GGTCCGTAGGTGAAGC-1	B cell
7188	GGTCTTGAGCGATAGA-1	B cell
7189	GGTCTTGAGTGAACCT-1	Tumour B cell
7193	GGTCTTTGTTTAACCC-1	B cell
7197	GGTGAGCCACTAAGCC-1	B cell
7200	GGTGAGCCATTGCAGC-1	Tumour B cell
7208	GGTGAGTAGCGAAGTA-1	B cell
7216	GGTGATTTCATCACTT-1	B cell
7221	GGTGCTGGTGTTGCTT-1	B cell
7227	GGTGCTTCAGCAACAG-1	B cell
7231	GGTGCTTCATTAGCCA-1	B cell
7233	GGTGTCCAGATGGACA-1	B cell
7242	GGTGTGACATAATCGT-1	B cell
7243	GGTGTTGTCAGGAAGC-1	B cell
7245	GGTGTTGTCGAGCTAT-1	B cell
7246	GGTGTTGTCGATTTAG-1	Tumour B cell
7247	GGTGTTGTCGCTAAAC-1	B cell
7256	GGTTACCCAAGTCGCT-1	B cell
7265	GGTTAGCGTTGTGACA-1	B cell
7266	GGTTAGCGTTTGCAGA-1	B cell
7267	GGTTATATCACACAGT-1	B cell
7270	GGTTATATCCATAAGC-1	B cell
7272	GGTTATATCTCATCAT-1	B cell
7276	GGTTCCCGTTGTGACA-1	B cell
7279	GGTTGACGTATACTGG-1	B cell
7282	GGTTGACGTTGAGGTC-1	B cell
7283	GGTTGAGCAAGCTACC-1	B cell
7285	GGTTGAGCACAACAGG-1	B cell
7290	GGTTGCATCCAGGTCA-1	B cell
7291	GGTTGCATCCTGATTT-1	Tumour B cell
7300	GGTTGCGGTGCAATAT-1	B cell
7302	GGTTGCTCAACCCTAA-1	B cell
7306	GGTTGCTCATAGACCC-1	B cell
7308	GGTTGGTGTACAAAGA-1	B cell
7310	GGTTGGTGTCGTAAAT-1	B cell
7312	GGTTGGTGTTGGATCA-1	B cell
7317	GGTTTAATCGAGGAGT-1	B cell
7318	GGTTTAATCTCACATT-1	B cell
7319	GGTTTCCTCATGGTTA-1	B cell
7321	GGTTTCCTCGTTAACA-1	B cell
7322	GGTTTCCTCTAATCCT-1	Tumour B cell
7326	GGTTTCTGTTACCGGG-1	B cell
7329	GGTTTCTGTTTGCGCC-1	B cell
7331	GGTTTGTAGCCGCAAC-1	B cell
7332	GGTTTGTAGCCTCTCG-1	B cell
7333	GGTTTGTAGCGGATTT-1	Tumour B cell
7334	GGTTTGTAGGATGATG-1	B cell
7335	GGTTTGTAGGCGCTAC-1	Tumour B cell
7337	GGTTTGTAGTGAACAG-1	Tumour B cell
7339	GTAAAGCCACATAGCC-1	B cell
7340	GTAAAGCCACCAGCAT-1	B cell
7346	GTAAGCAAGCCGCAGT-1	B cell
7348	GTAAGCAAGCGCATTG-1	Tumour B cell
7350	GTAAGCAAGTATTGTG-1	B cell
7356	GTAAGCGCAATGAAGC-1	B cell
7359	GTAAGCTTCAAGACTC-1	B cell
7364	GTAAGCTTCTTGCTAT-1	B cell
7368	GTAAGGTCAATTTGGT-1	B cell
7372	GTAATAGCACAGAACG-1	B cell
7377	GTACAATGTACGATTG-1	B cell
7379	GTACAATGTTCCTGTG-1	B cell
7383	GTACACCCAAACCCTA-1	B cell
7385	GTACACCCACAGAAAC-1	B cell
7386	GTACACCCACAGCCTG-1	B cell
7391	GTACCGGGTACCCACC-1	B cell
7392	GTACCGGGTGAGAAAC-1	B cell
7395	GTACCGGGTGTTTGAG-1	B cell
7397	GTACCTTGTCACGGAT-1	B cell
7402	GTACGTAGTGTTAAAC-1	B cell
7405	GTACTAATCATTAGCA-1	B cell
7416	GTACTGGTCGAGCAAA-1	B cell
7423	GTACTTAAGCTAATTG-1	B cell
7424	GTACTTAAGCTCCTTA-1	B cell
7426	GTACTTCGTATTACCC-1	Tumour B cell
7438	GTAGGAGGTCACGAAC-1	B cell
7441	GTAGGAGGTTATGTGG-1	B cell
7443	GTAGGAGGTTGTCCAT-1	B cell
7445	GTAGGATCACCGGCTA-1	B cell
7447	GTAGGATCATTAAACC-1	B cell
7448	GTAGGATCATTCCTGT-1	B cell
7452	GTAGGTGCAACATAAG-1	B cell
7454	GTAGGTGCAATTGAGA-1	B cell
7455	GTAGGTGCACAACAGG-1	B cell
7460	GTAGTTATCAATGTGC-1	B cell
7462	GTAGTTATCCCTGACT-1	B cell
7465	GTAGTTATCCTTAAGA-1	B cell
7473	GTATCGCCAAACCCTA-1	B cell
7475	GTATCGCCACATGCTA-1	Tumour B cell
7486	GTATGTGGTTACATCC-1	B cell
7492	GTATGTTCAAGTGTCC-1	B cell
7493	GTATGTTCAATATGGA-1	B cell
7505	GTATTCAAGTAACCAC-1	B cell
7512	GTATTGATCGGTCAAT-1	B cell
7517	GTATTGCAGGGTCCAC-1	B cell
7521	GTATTGTCACAAAGAC-1	B cell
7534	GTCAATATCGACCTGA-1	B cell
7535	GTCAATATCGCTAGCA-1	B cell
7536	GTCAATATCTAGCTAA-1	B cell
7539	GTCAGGCTCCTAGTAA-1	B cell
7541	GTCAGGCTCTCACTAT-1	B cell
7544	GTCATCACAATATGGA-1	B cell
7545	GTCATCACATACCCGG-1	B cell
7547	GTCATCACATAGGCGA-1	B cell
7561	GTCATGCCACCAAAGG-1	B cell
7563	GTCATGCCATGAATAG-1	B cell
7565	GTCATTAAGCATCCAG-1	Tumour B cell
7568	GTCATTAAGGACCTTG-1	Tumour B cell
7570	GTCATTAAGGCTACTG-1	B cell
7574	GTCCAAGTCACACAGT-1	B cell
7575	GTCCAAGTCACTAGGT-1	B cell
7589	GTCCGTAAGCTAAGTC-1	B cell
7600	GTCCTCAGTGGATTAT-1	B cell
7601	GTCCTCAGTGTTGCAA-1	B cell
7602	GTCCTCAGTTAGGTTG-1	B cell
7606	GTCCTCCCAAGCTTTG-1	Tumour B cell
7609	GTCCTCCCACCTGGTG-1	B cell
7612	GTCGAAGCAATTGCGC-1	B cell
7624	GTCGCAATCATAATCG-1	B cell
7629	GTCGCAATCCTTAAGA-1	B cell
7633	GTCGCAATCTGGTCCT-1	B cell
7642	GTCTAACAGCCTAACG-1	B cell
7653	GTCTAATCATTATGCG-1	B cell
7655	GTCTAGCCACAAGCCT-1	B cell
7656	GTCTAGCCAGAAATGC-1	B cell
7657	GTCTAGCCAGCAAATA-1	B cell
7659	GTCTAGCCAGGCTACT-1	B cell
7667	GTCTATGCAACTGGCT-1	B cell
7673	GTCTATGCAGGCTAGA-1	B cell
7677	GTCTCACTCGTTAGCG-1	B cell
7686	GTCTTTAGTCATGAGC-1	Tumour B cell
7690	GTCTTTAGTTATTGCC-1	B cell
7692	GTCTTTGTCATGGCTG-1	B cell
7693	GTCTTTGTCGGCCATA-1	B cell
7694	GTCTTTGTCTCACTCA-1	B cell
7701	GTGAATCTCACTAAGC-1	B cell
7704	GTGAATCTCCTCACTA-1	B cell
7705	GTGAATCTCGTCATTT-1	Tumour B cell
7706	GTGAGCGAGCAAGGAC-1	B cell
7708	GTGAGCGAGCTTCCCG-1	B cell
7716	GTGAGGAGTTAGGATT-1	B cell
7718	GTGATCAGTCAGGCAT-1	B cell
7725	GTGATGAAGGACCTTG-1	B cell
7730	GTGCAAGCACATGCTA-1	B cell
7731	GTGCAAGCACGAATCC-1	B cell
7733	GTGCAAGCATGACTAT-1	B cell
7734	GTGCAAGCATGGCCTG-1	B cell
7737	GTGCACGGTCCCGAAG-1	B cell
7739	GTGCATTAGAAAGGAA-1	B cell
7743	GTGCATTAGCGATAAG-1	B cell
7749	GTGCCTTTCGGTAACT-1	B cell
7752	GTGCGCAGTACGTTTC-1	B cell
7753	GTGCGCAGTATTTGGG-1	B cell
7758	GTGCGCAGTTAACACG-1	B cell
7759	GTGCGGTTCACCGGTA-1	B cell
7762	GTGCGGTTCCCTCACG-1	B cell
7765	GTGCTCAAGGCTGTCA-1	Tumour B cell
7766	GTGCTCAAGTAGGATG-1	B cell
7770	GTGCTCAAGTGTGATC-1	B cell
7772	GTGCTCCGTTAGAGGG-1	B cell
7779	GTGCTGATCTACCTAT-1	B cell
7782	GTGCTGGGTGAATCGC-1	B cell
7783	GTGCTGGGTGAGGTAG-1	B cell
7786	GTGCTTACAGAAATGC-1	B cell
7788	GTGCTTCTCAAACCTA-1	B cell
7796	GTGCTTCTCGTTCACC-1	B cell
7798	GTGGACACAACTCGCG-1	B cell
7799	GTGGACACAAGGAATC-1	B cell
7811	GTGGTTAGTACTGATG-1	B cell
7815	GTGTAACTCAGCTAAC-1	B cell
7816	GTGTAACTCAGGGCCT-1	B cell
7818	GTGTAACTCGAAGCGG-1	B cell
7819	GTGTAACTCTCGCCTG-1	B cell
7823	GTGTCCAAGCCTGGTA-1	B cell
7824	GTGTCCAAGGACTTAC-1	B cell
7828	GTGTCCAAGGGTGAAC-1	B cell
7829	GTGTCCAAGGTAACGA-1	B cell
7834	GTGTGAGCAGCCTGCA-1	B cell
7835	GTGTGAGCAGGCGAGT-1	B cell
7839	GTGTGCGGTCATAACG-1	B cell
7844	GTGTGTTAGAACCTGT-1	B cell
7845	GTGTGTTAGACAACAG-1	B cell
7847	GTGTGTTAGAGGAAGG-1	Tumour B cell
7850	GTGTGTTAGTCACCAG-1	B cell
7858	GTTAAACGTGAGCGAA-1	B cell
7860	GTTAAACGTTTACCGT-1	B cell
7867	GTTAACCAGTTTGGGT-1	B cell
7873	GTTAACGGTTCACTGT-1	B cell
7875	GTTAAGCTCAAGGACA-1	B cell
7877	GTTAAGCTCATTACTC-1	B cell
7881	GTTAAGCTCTAATTGG-1	Tumour B cell
7882	GTTAAGCTCTTAGTGA-1	B cell
7883	GTTAAGCTCTTGATGA-1	B cell
7885	GTTAAGTGTGAGCAAG-1	B cell
7886	GTTAAGTGTGATGATT-1	B cell
7889	GTTAAGTGTTGGATCA-1	B cell
7892	GTTAATGTCGGCCATA-1	B cell
7896	GTTACAGGTATTCGCT-1	B cell
7899	GTTACAGGTGATGGCT-1	B cell
7901	GTTACAGGTTAGGCGT-1	Tumour B cell
7902	GTTACCTGTACCGAAC-1	B cell
7906	GTTACCTGTTAAGCGC-1	B cell
7910	GTTACGCCAAACTCAT-1	B cell
7913	GTTACGCCATAGCGGA-1	B cell
7915	GTTACGTAGGAGGACT-1	B cell
7920	GTTACTAAGTGAGCAA-1	B cell
7929	GTTAGACTCCAGGGAG-1	B cell
7932	GTTAGACTCTACCTGC-1	Tumour B cell
7933	GTTAGACTCTATTGTC-1	Tumour B cell
7936	GTTAGGCGTCCAAGAC-1	B cell
7940	GTTCACCTCAAGTGAG-1	B cell
7942	GTTCACCTCCATAAGC-1	B cell
7952	GTTCCCAGTTTAACGG-1	B cell
7954	GTTCCTGGTCCCGAAG-1	B cell
7960	GTTCCTGGTTAGGATT-1	B cell
7964	GTTCCTTCACCATATG-1	B cell
7967	GTTCGCGCACTTCACT-1	B cell
7969	GTTCGCGCAGTTTACG-1	B cell
7975	GTTCGCTTCGGTTACG-1	B cell
7978	GTTCGCTTCTCATCAT-1	B cell
7983	GTTCTCATCGTTAGCG-1	B cell
7985	GTTCTTAGTAATCGCA-1	B cell
7994	GTTCTTGTCAATGTGC-1	B cell
7999	GTTCTTGTCTTTAAGG-1	B cell
8000	GTTCTTGTCTTTGACT-1	B cell
8005	GTTGCATAGGCCTGGT-1	B cell
8006	GTTGCATAGTAGGATG-1	B cell
8010	GTTGCCCGTAATCGGC-1	B cell
8011	GTTGCCCGTCAATAGT-1	B cell
8015	GTTGCGGGTCAAGTAT-1	B cell
8016	GTTGCGGGTCAGGCCA-1	B cell
8017	GTTGCGGGTGCTCACC-1	B cell
8021	GTTGCTGAGCAAGGTA-1	B cell
8023	GTTGCTGAGCGGATTT-1	B cell
8026	GTTGGAGCAACAACAA-1	B cell
8027	GTTGGAGCAACCTAAT-1	B cell
8028	GTTGGAGCAAGGTCCT-1	B cell
8033	GTTGGAGCACGAATCC-1	B cell
8035	GTTGGAGCATAATCGT-1	B cell
8036	GTTGGAGCATGCTATG-1	B cell
8037	GTTGGCCAGCATGCAT-1	B cell
8040	GTTGGCCAGTAGCGGG-1	B cell
8049	GTTGGCGGTTTGTCTA-1	B cell
8050	GTTGTGAGTAACCACA-1	B cell
8053	GTTGTTGCATATTGAC-1	B cell
8059	GTTTAACCATGAATAG-1	B cell
8061	GTTTACCGTGAGCAAG-1	B cell
8066	GTTTAGCAGCTTGCTC-1	B cell
8067	GTTTAGCAGGAGCACG-1	B cell
8071	GTTTCAGCAAGGCCAA-1	B cell
8072	GTTTCAGCAAGGTGCA-1	B cell
8079	GTTTCCTCAAAGGCCA-1	B cell
8080	GTTTCCTCACAGAACG-1	B cell
8089	GTTTCTAGTTAAGCGC-1	B cell
8091	GTTTCTAGTTTGGTTC-1	B cell
8092	GTTTGCTGTGAGCGAA-1	Tumour B cell
8097	GTTTGTAAGCACCACA-1	B cell
8104	GTTTGTTTCAAACACC-1	B cell
8107	GTTTGTTTCCCGCAAA-1	B cell
8109	GTTTGTTTCGGCCAGT-1	B cell
8114	TAAACAGCAGGATTAA-1	B cell
8117	TAAAGCCTCCGGGACT-1	B cell
8124	TAACAAGCATCTTGAG-1	B cell
8126	TAACCAGGTAAAGCAA-1	B cell
8128	TAACCAGGTCACCTAT-1	B cell
8129	TAACCAGGTGGTTCCC-1	B cell
8140	TAACCGGTCGCTCACT-1	B cell
8143	TAACCTAAGATACTTG-1	B cell
8145	TAACCTAAGGGATGAC-1	B cell
8148	TAAGCCAGTAGGATTT-1	Tumour B cell
8150	TAAGCCAGTGTTTCAC-1	B cell
8152	TAAGCCAGTTAATCGG-1	B cell
8153	TAAGCCAGTTCATTTG-1	B cell
8156	TAAGCCTAGCAGGCCT-1	B cell
8158	TAAGCCTAGGCTGGCT-1	Tumour B cell
8159	TAAGCCTAGTAACGGA-1	B cell
8160	TAAGCCTAGTAGGCGG-1	B cell
8168	TAAGCTGGTATTGCAG-1	B cell
8171	TAAGCTGGTGTGAGAG-1	B cell
8178	TAAGGACCATAGTCAT-1	Tumour B cell
8181	TAAGGCTTCATCACTT-1	B cell
8185	TAAGGCTTCGGTACGC-1	B cell
8188	TAAGTGCTCATGGCTG-1	B cell
8189	TAAGTGCTCCCGCATT-1	B cell
8191	TAATCACCAAACTGTT-1	B cell
8193	TAATCACCAATATACC-1	B cell
8208	TAATGCATCAACCAAC-1	B cell
8213	TAATGGACAAGTCGCT-1	B cell
8215	TAATGGACACCATATG-1	B cell
8218	TAATGGACAGTAGCCT-1	Tumour B cell
8219	TAATGGACATATAACC-1	Tumour B cell
8222	TAATGGACATTGTGAT-1	B cell
8225	TAATGGTGTAGCCATA-1	B cell
8230	TAATTGCCATAATCCG-1	B cell
8239	TACAACATCTAAGGAG-1	B cell
8240	TACAAGCTCATGGCCA-1	B cell
8241	TACAAGCTCCTTGAGG-1	B cell
8242	TACAAGCTCTCCATAT-1	B cell
8243	TACAATGTCAATTACG-1	B cell
8248	TACAATGTCGAGCTAT-1	Tumour B cell
8250	TACAATGTCGCAGGCT-1	Tumour B cell
8253	TACAATGTCTTGGACG-1	B cell
8259	TACAGCTAGTCAATTG-1	B cell
8262	TACAGGTTCTAAGGAG-1	B cell
8270	TACCAAATCTTGCAAA-1	B cell
8274	TACCAGGTCCTGTTCA-1	B cell
8289	TACCGCAAGGTCGAGG-1	B cell
8295	TACCGTTGTTAATGAC-1	B cell
8296	TACCTCATCAAGACTC-1	B cell
8303	TACCTCATCGGTTACG-1	B cell
8307	TACCTGCTCCATCAGG-1	B cell
8308	TACCTGCTCCCTGTTA-1	B cell
8310	TACCTGCTCCTCATGC-1	Tumour B cell
8312	TACCTGCTCGCTAGCA-1	B cell
8313	TACCTGCTCTTTAGGA-1	B cell
8318	TACCTTAGTGTGTCCC-1	Tumour B cell
8323	TACCTTTAGGAGCAAC-1	B cell
8325	TACGCACCAAACAACA-1	B cell
8327	TACGCACCAACCTGGT-1	Tumour B cell
8329	TACGCACCAGGCTGTT-1	B cell
8337	TACGCTTGTCTTTGAC-1	B cell
8338	TACGCTTGTTAATGCG-1	B cell
8340	TACGGATTCATAACTG-1	B cell
8344	TACGGATTCTTAGTGA-1	B cell
8345	TACGGTTAGAGAGCCG-1	Tumour B cell
8346	TACGGTTAGCAAGGAC-1	Tumour B cell
8360	TACGTACAGCTTCCCG-1	B cell
8363	TACGTTAAGCTCAATA-1	B cell
8364	TACGTTAAGCTGTAAC-1	B cell
8373	TACTCAAAGCCTAATA-1	B cell
8374	TACTCAAAGGCGGGTA-1	B cell
8377	TACTCGCTCAGGGCCT-1	Tumour B cell
8378	TACTCGCTCCTAAGAC-1	B cell
8379	TACTCGCTCTCAATTC-1	B cell
8383	TACTGAGGTGGATTAT-1	B cell
8385	TACTGAGGTGTGTGGT-1	B cell
8389	TACTGCACAGGAACAT-1	B cell
8403	TACTTCGTCTACCTAT-1	B cell
8404	TACTTCGTCTCACTCA-1	B cell
8407	TACTTGTTCTAGCTAA-1	Tumour B cell
8415	TAGAGCCGTTTAACGG-1	B cell
8416	TAGCAGGCAAGGACCA-1	B cell
8417	TAGCAGGCACAATGTT-1	B cell
8418	TAGCAGGCACAATTAC-1	B cell
8420	TAGCAGGCAGGATGGC-1	B cell
8428	TAGCATATCTAAGGAG-1	B cell
8432	TAGCCTCTCATTACGA-1	B cell
8437	TAGCCTGAGACTAAGG-1	B cell
8439	TAGCCTGAGGCATTGT-1	B cell
8442	TAGCCTTGTAAGCACC-1	B cell
8446	TAGCCTTGTGAATCGC-1	B cell
8447	TAGCCTTGTGAGAAAC-1	B cell
8451	TAGCGCGGTAAACAAG-1	B cell
8453	TAGCGCGGTTGCCTCA-1	Tumour B cell
8456	TAGCGGACAATTGACT-1	B cell
8458	TAGCGGACAGCTTACA-1	B cell
8459	TAGCGGACAGTTGCGT-1	B cell
8461	TAGCGGCTCACCTGTC-1	B cell
8466	TAGCTAATCCTGGCTT-1	B cell
8467	TAGCTAATCGATTTAG-1	B cell
8472	TAGCTAGGTGTTGCTT-1	B cell
8475	TAGCTTAAGCTATTAG-1	B cell
8478	TAGCTTGCAGGACCAA-1	B cell
8483	TAGCTTGCATTGTTGG-1	B cell
8487	TAGGAGGGTAACTACG-1	B cell
8493	TAGGAGTCAGTACCGT-1	B cell
8497	TAGGCTAGTGGTTCCC-1	B cell
8500	TAGGCTGTCGAGCTAT-1	B cell
8501	TAGGCTGTCTTGAGCG-1	B cell
8503	TAGGCTTAGATGCCTG-1	B cell
8506	TAGGCTTAGTATTGTG-1	B cell
8511	TAGGTGCGTCACACCC-1	B cell
8513	TAGGTGCGTGCAATGC-1	B cell
8514	TAGGTGCGTGGGAACA-1	B cell
8517	TAGGTTATCCAGGTCA-1	B cell
8521	TAGGTTATCTAAGTGC-1	B cell
8522	TAGGTTATCTGGCATG-1	Tumour B cell
8527	TAGGTTGGTTAGCGTA-1	B cell
8535	TAGTAACGTTGTGACA-1	B cell
8543	TAGTACGGTTTGGCGG-1	B cell
8545	TAGTAGGAGGACCGCT-1	B cell
8546	TAGTAGGAGTAGGATG-1	B cell
8548	TAGTAGGAGTTGGCCA-1	Tumour B cell
8550	TAGTCAATCATTGTCT-1	B cell
8552	TAGTGAGAGAGGAAGG-1	B cell
8554	TAGTGAGAGGATTGAG-1	B cell
8555	TAGTGAGAGTGAGCGG-1	B cell
8557	TAGTGGCGTGTTGTAG-1	Tumour B cell
8559	TAGTGGCGTTGTCATC-1	B cell
8560	TAGTGGCGTTTCGCCA-1	B cell
8561	TAGTGTGGTAAAGCAA-1	B cell
8562	TAGTGTGGTCAAACTG-1	B cell
8563	TAGTGTGGTTCCAGGG-1	Tumour B cell
8569	TAGTTGTCACCTGCCT-1	B cell
8571	TAGTTGTCAGGAATCG-1	B cell
8572	TAGTTGTCATAGACCC-1	Tumour B cell
8574	TAGTTGTCATTATGAC-1	B cell
8583	TAGTTTGAGTTTGAGC-1	B cell
8590	TATAACCCAGCACCAT-1	B cell
8594	TATAGCCAGCCGCTTT-1	B cell
8604	TATAGCTCAGTTTCTC-1	B cell
8606	TATAGGTGTAACTACG-1	B cell
8613	TATAGGTGTTTGTTGC-1	B cell
8619	TATATCCTCGGGCCAT-1	B cell
8620	TATATCCTCTAAGGTC-1	B cell
8621	TATATCCTCTAATTGG-1	B cell
8629	TATCACAAGCTAAGTC-1	B cell
8630	TATCACAAGGAACACA-1	Tumour B cell
8634	TATCACAAGGGTTAGA-1	B cell
8637	TATCACGCAATAGTCT-1	B cell
8638	TATCACGCAATTTAGC-1	B cell
8641	TATCACGCACTAAGTT-1	B cell
8642	TATCACGCAGCTTACA-1	B cell
8651	TATCCAGCAGCAATAA-1	B cell
8654	TATCCAGCATCCTGAA-1	B cell
8656	TATCCGGAGACAGGCG-1	Tumour B cell
8666	TATCGCGAGCCTAATA-1	B cell
8667	TATCGCGAGGCGCTTA-1	B cell
8671	TATGAAGCAAGCTACC-1	B cell
8675	TATGACATCAACCAAC-1	B cell
8685	TATGACTCAAGTTATC-1	B cell
8691	TATGCATCAAATACCT-1	B cell
8693	TATGCATCACGAACAG-1	B cell
8694	TATGCATCAGGAATCG-1	B cell
8698	TATGGATGTTAGACCA-1	B cell
8702	TATGGCCCAATATACC-1	B cell
8707	TATGGGCGTAACCTAG-1	B cell
8709	TATGGGCGTAGTTACG-1	B cell
8710	TATGGGCGTGATGATT-1	B cell
8712	TATGGTCAGAAAGCAT-1	B cell
8714	TATGGTCAGCGAGCGA-1	B cell
8715	TATGGTCAGCTTAACA-1	B cell
8720	TATGTGATCAATGTCA-1	Tumour B cell
8724	TATTACCTCGCACACA-1	B cell
8726	TATTAGCCAACAGGTG-1	B cell
8737	TATTAGGTCCCGAACA-1	B cell
8740	TATTAGGTCTTGATGA-1	B cell
8743	TATTGACCAAACCCTA-1	B cell
8753	TATTTGCTCCGCTAGA-1	B cell
8775	TCAAGAACATGTCAGC-1	Tumour B cell
8782	TCAAGACTCCCTCACG-1	B cell
8784	TCAAGACTCTAAGTCA-1	B cell
8786	TCAAGACTCTGTAATG-1	B cell
8788	TCAAGCTAGACTATTG-1	B cell
8790	TCAAGCTAGATGGACA-1	B cell
8793	TCAAGCTAGTCGCTAG-1	B cell
8796	TCAAGGAAGCCGGTAC-1	B cell
8805	TCAAGGTTCCGTGACA-1	B cell
8812	TCAAGTATCAGTATTG-1	B cell
8817	TCAAGTATCCCTGATC-1	B cell
8828	TCACATAAGGTCGATT-1	B cell
8829	TCACATAAGTCCTTCA-1	B cell
8830	TCACATAAGTTATGTG-1	B cell
8831	TCACCGGCAAACCTTG-1	B cell
8833	TCACCGGCAGCCAGTT-1	B cell
8836	TCACCGGCATTGCAGC-1	B cell
8841	TCACCTCAGGCCAATT-1	B cell
8843	TCACCTGGTGAGAAAC-1	B cell
8854	TCACTGACACGTAATT-1	B cell
8860	TCAGCAAGTTCAAGCA-1	B cell
8861	TCAGCCTTCAGCACCA-1	B cell
8865	TCAGCCTTCTGTGCAG-1	Tumour B cell
8866	TCAGCCTTCTTAAGTG-1	Tumour B cell
8868	TCAGCGATCATTACAG-1	B cell
8871	TCAGGAGCAATCCTAG-1	B cell
8877	TCAGGTCCAACCTGGT-1	B cell
8878	TCAGGTCCAATCGCAC-1	B cell
8883	TCAGGTCCAGGATGGC-1	B cell
8885	TCAGGTCCATCACTTC-1	B cell
8889	TCAGGTTAGCTGCACA-1	B cell
8893	TCAGTAATCACGTTAA-1	B cell
8894	TCAGTAATCATAATCG-1	B cell
8904	TCAGTAGGTGAAACAA-1	B cell
8912	TCAGTGAGTGGATTCA-1	B cell
8913	TCAGTGAGTGTTTCAC-1	B cell
8916	TCATAACCAACCTGGT-1	B cell
8923	TCATACTTCCTTTACG-1	B cell
8927	TCATACTTCTCTAGCC-1	B cell
8928	TCATCCATCAAACCTA-1	B cell
8932	TCATCCATCCTGAATA-1	B cell
8938	TCATGCCTCACTAGGT-1	B cell
8939	TCATGCCTCATCCTCA-1	B cell
8944	TCATGTTTCCAATTAG-1	B cell
8946	TCATGTTTCCTAGTAA-1	B cell
8952	TCATTACTCAAGGACA-1	B cell
8956	TCATTACTCGCAATCG-1	Tumour B cell
8961	TCATTGCGTTTACCGT-1	B cell
8963	TCATTGTTCCCTCACG-1	B cell
8969	TCATTTGGTCAGTAAT-1	B cell
8974	TCCACAACACTTACAG-1	B cell
8975	TCCACAACAGGACCTT-1	B cell
8985	TCCAGGATCAGCACGC-1	B cell
8986	TCCAGGATCATGGTGT-1	B cell
8987	TCCAGGATCCACCTGT-1	B cell
8991	TCCAGGATCGTCAAGT-1	B cell
8997	TCCAGGTCATGGTTAT-1	B cell
8999	TCCAGGTCATTGTGGC-1	Tumour B cell
9001	TCCATAAAGCTTGCTC-1	B cell
9003	TCCATAAAGGATTTGC-1	B cell
9007	TCCATAAAGTGAGCAA-1	B cell
9008	TCCATAAAGTTCCTGC-1	B cell
9009	TCCATATTCAAAGGCA-1	Tumour B cell
9012	TCCATATTCTTGTCCA-1	Tumour B cell
9016	TCCATCATCCTGGTGA-1	B cell
9017	TCCATCATCTAATCTC-1	B cell
9018	TCCATCATCTAGCGTG-1	B cell
9022	TCCATGCTCCGCTAGA-1	B cell
9025	TCCATTGTCAATGACC-1	B cell
9029	TCCATTGTCGGTCAGC-1	B cell
9030	TCCCGGACAACTAGAA-1	B cell
9031	TCCCGGACAAGGTACG-1	B cell
9036	TCCCGTTAGGATAAAC-1	B cell
9037	TCCCGTTAGTCACGAT-1	B cell
9038	TCCCGTTAGTCACTCC-1	B cell
9039	TCCCGTTAGTTACCGG-1	Tumour B cell
9041	TCCCTCACAACCTGGT-1	Tumour B cell
9043	TCCCTCACAATCCCTT-1	B cell
9045	TCCCTCACAGGCTTCG-1	B cell
9048	TCCCTGGTCAATCTCT-1	B cell
9056	TCCGCCATCACAGCGC-1	B cell
9058	TCCGCCATCAGCACCA-1	B cell
9063	TCCGGAATCAAACTCA-1	B cell
9064	TCCGGAATCAAGCGCC-1	B cell
9065	TCCGGAATCAATTGGC-1	B cell
9071	TCCGGAATCCTTCTAG-1	B cell
9073	TCCGGTAAGGAACACA-1	B cell
9074	TCCGGTAAGGAGGTTA-1	B cell
9077	TCCGGTAAGTGAGGGT-1	B cell
9081	TCCGGTTTCCTTCGTA-1	B cell
9086	TCCTAGTGTGCATCGG-1	B cell
9090	TCCTAGTGTTGTAACG-1	B cell
9092	TCCTAGTGTTTACGTC-1	B cell
9099	TCCTCACAGCGTGCAC-1	B cell
9101	TCCTCACAGGCTAAGA-1	B cell
9105	TCCTCACAGGTGAGAC-1	B cell
9109	TCCTCTAAGAACCTGT-1	B cell
9111	TCCTCTAAGGCTAGAA-1	B cell
9122	TCCTGTTCAAGGTATA-1	B cell
9125	TCCTGTTCATAGCGAG-1	B cell
9128	TCCTTAGTCACACAGT-1	B cell
9131	TCCTTCAAGCACGATT-1	B cell
9132	TCCTTCAAGGAGCACG-1	B cell
9134	TCCTTCAAGTCAATTG-1	B cell
9136	TCCTTGCAGCTAAAGG-1	B cell
9140	TCCTTTACATAGCAGG-1	B cell
9143	TCGACAAGTCCCGAAG-1	Tumour B cell
9149	TCGCATTGTCCTAGTT-1	B cell
9150	TCGCATTGTCCTGATT-1	B cell
9151	TCGCATTGTGCATTAG-1	B cell
9154	TCGCATTGTTCCGCAC-1	B cell
9156	TCGCCCATCCTAGTCC-1	B cell
9159	TCGCGAGGTCGCATAA-1	B cell
9167	TCGGTTACACAGAAAC-1	B cell
9169	TCGGTTACACTAAGAA-1	Tumour B cell
9170	TCGGTTACAGTGAACG-1	Tumour B cell
9174	TCGGTTCTCACTCAAA-1	B cell
9178	TCGGTTTGTAACGAGG-1	B cell
9180	TCGGTTTGTCATTGTC-1	B cell
9184	TCGTAATCAATTAAGG-1	Tumour B cell
9185	TCGTAATCAATTAGGA-1	B cell
9191	TCGTCAACAAAGCCTC-1	B cell
9196	TCGTGCTTCCGCAAAT-1	B cell
9198	TCGTGCTTCGAGCAAA-1	B cell
9203	TCGTTACGTCACGGAT-1	B cell
9216	TCGTTATTCTTAGCGG-1	B cell
9217	TCGTTTCCAAAGCGCA-1	B cell
9218	TCGTTTCCAACAGGTG-1	B cell
9221	TCGTTTCCATGCTTAG-1	B cell
9231	TCTAACTTCCGGGACT-1	B cell
9232	TCTAACTTCGCTTCTA-1	B cell
9236	TCTAAGGGTGATTACG-1	B cell
9249	TCTACCTCATAAGGAC-1	B cell
9250	TCTACCTCATAGCTGC-1	B cell
9251	TCTACTAGTCACAAAT-1	B cell
9255	TCTACTAGTGTTGCTT-1	B cell
9263	TCTAGCACAGGTTAAA-1	B cell
9264	TCTAGCACATTGTGAT-1	Tumour B cell
9265	TCTAGCCTCACTTTAC-1	B cell
9267	TCTAGCCTCATGGTTA-1	B cell
9271	TCTAGCGAGCTGTCAG-1	B cell
9274	TCTAGCGAGTTTGGGT-1	B cell
9276	TCTATGTTCGAGCTAT-1	Tumour B cell
9285	TCTCAATTCCGCTAGA-1	B cell
9295	TCTCCTCGTAAAGCAA-1	B cell
9297	TCTCCTCGTACGCGCA-1	B cell
9299	TCTCCTCGTTTCAGGA-1	B cell
9300	TCTCGCCCAAGCTTTG-1	Tumour B cell
9302	TCTCGCCCAATTAAGG-1	B cell
9306	TCTCGCCCATTCAGCA-1	B cell
9307	TCTGGCTTCCTAGTCC-1	B cell
9311	TCTGTGACACATAGCC-1	B cell
9320	TCTTAGCGTTAGCCAA-1	B cell
9322	TCTTAGCGTTGCGCGA-1	B cell
9323	TCTTAGTTCACAGGAA-1	B cell
9333	TCTTCAAGTTGTTGCT-1	Tumour B cell
9334	TCTTCAAGTTTATCGC-1	B cell
9341	TCTTGTCCAGCCGCTA-1	B cell
9350	TGAAACTGTGCTGTAA-1	B cell
9353	TGAAACTGTTGTCATC-1	B cell
9359	TGAACAACATGAGTTT-1	B cell
9360	TGAACAACATTGTCCT-1	B cell
9363	TGAACAGAGCAAGGGT-1	B cell
9367	TGAACAGAGCCTGTTC-1	Tumour B cell
9368	TGAACAGAGTATTGCA-1	B cell
9374	TGAAGCAAGGTCCACA-1	B cell
9375	TGAAGCAAGGTGAGAC-1	B cell
9378	TGAAGGATCCCTTGCG-1	B cell
9380	TGAAGTGAGCGCATTG-1	B cell
9381	TGAAGTGAGCTTTGGG-1	Tumour B cell
9382	TGAAGTGAGGAACGGT-1	Tumour B cell
9384	TGACCAAGTAGGTTGC-1	B cell
9387	TGACCAAGTTTGTCTA-1	B cell
9396	TGACTCCTCATAGCCG-1	B cell
9397	TGACTCCTCCATTACT-1	Tumour B cell
9398	TGACTCCTCGGTCAAT-1	B cell
9406	TGACTTCGTATTGCAG-1	B cell
9408	TGACTTCGTGAAACAA-1	Tumour B cell
9412	TGAGAACCACAACAGG-1	B cell
9415	TGAGAACCACTTAACG-1	B cell
9416	TGAGAACCAGGCAAGC-1	B cell
9421	TGAGCAAAGGCTATGT-1	B cell
9423	TGAGCACGTAAGGTCC-1	Tumour B cell
9427	TGAGCACGTGCAACTA-1	B cell
9430	TGAGCCGGTCCTTTAA-1	B cell
9433	TGAGCCGGTTGTTCAC-1	Tumour B cell
9436	TGAGCTTAGCGATAGA-1	B cell
9438	TGAGCTTAGGGACCTC-1	B cell
9443	TGAGGAGGTTAGCCAA-1	B cell
9446	TGAGGCACAAGCCACT-1	B cell
9449	TGAGGCACACTAGCGT-1	B cell
9450	TGAGGCACAGAGGCTA-1	B cell
9451	TGAGGCACATCAGTAT-1	B cell
9456	TGAGGGAGTGCTCCAC-1	B cell
9457	TGAGGGAGTTACAAAC-1	B cell
9459	TGAGGGAGTTCCTCCT-1	B cell
9467	TGAGGGCCATAACGGG-1	B cell
9470	TGAGGGCCATGACTAT-1	B cell
9476	TGAGGTGCACACTAAT-1	B cell
9480	TGAGGTGCATAAAGCA-1	B cell
9481	TGAGTGAAGAAGGTGC-1	Tumour B cell
9488	TGAGTGAAGGTAAGGC-1	B cell
9496	TGAGTTTCAGGATTAA-1	B cell
9497	TGAGTTTCAGTAGGAT-1	B cell
9498	TGAGTTTCATGTTGTG-1	B cell
9504	TGATCAATCCACCTTA-1	Tumour B cell
9506	TGATCAATCTAACCAA-1	B cell
9508	TGATCAATCTTAGGGT-1	B cell
9509	TGATCAATCTTGTCCA-1	B cell
9518	TGATCGAGTAACGGGA-1	Tumour B cell
9520	TGATCGAGTCCGTGAG-1	Tumour B cell
9525	TGATCGAGTTAGGACC-1	B cell
9526	TGATCGAGTTTGGGCG-1	B cell
9532	TGATGAACACCGGTAT-1	B cell
9535	TGATGAACATAGGCGA-1	B cell
9539	TGATGACTCGCCTAAG-1	B cell
9549	TGATTAGTCTGTGAGT-1	B cell
9553	TGATTCAAGTTTAACG-1	B cell
9558	TGATTGCAGTCACTAA-1	B cell
9568	TGCAATATCTCACTAT-1	B cell
9570	TGCACACCAGTAATAG-1	B cell
9581	TGCACTTGTTACCGGG-1	Tumour B cell
9583	TGCAGGCTCAGGCCTA-1	B cell
9584	TGCAGGCTCATGGTTA-1	Tumour B cell
9585	TGCAGGCTCCCATAAA-1	B cell
9590	TGCATCCTCAAGCTTA-1	B cell
9594	TGCATCCTCGCTAGAT-1	B cell
9595	TGCATCCTCGCTATGG-1	B cell
9597	TGCATGAGTGAAGCCT-1	B cell
9603	TGCATTAAGGTAACGA-1	B cell
9606	TGCATTAAGTTATTCC-1	B cell
9608	TGCCATTGTTGCTTCG-1	B cell
9610	TGCCGGTAGACTTACA-1	B cell
9614	TGCCGGTAGGGATGAC-1	B cell
9617	TGCCGGTAGTTATTCC-1	Tumour B cell
9623	TGCCTGTTCGCTATAA-1	B cell
9625	TGCCTGTTCTTGCAGG-1	Tumour B cell
9631	TGCGATTAGGGTGGAT-1	B cell
9632	TGCGATTAGGTGAGAC-1	B cell
9635	TGCGCAGGTCCGGTTC-1	B cell
9640	TGCGCGAGTCCACAAA-1	B cell
9642	TGCGCGAGTGCATTAG-1	B cell
9643	TGCGCGAGTGGAGCAA-1	B cell
9644	TGCGCGAGTTTCCTCC-1	B cell
9648	TGCGGTTCACTGGCCA-1	B cell
9649	TGCGGTTCAGGGAGCT-1	B cell
9650	TGCTAACAGAACAAGT-1	B cell
9658	TGCTAGCCAATCGCAC-1	B cell
9660	TGCTAGCCATAAGCAA-1	B cell
9664	TGCTATGCAACTCGCG-1	B cell
9666	TGCTATGCACCCACCT-1	B cell
9667	TGCTATGCAGTAAAGC-1	B cell
9668	TGCTATGCATAAGTCT-1	B cell
9669	TGCTATGCATGAAATG-1	B cell
9674	TGCTCAACAAGGTGGC-1	B cell
9678	TGCTCAACAGGAACAT-1	B cell
9682	TGCTCAACATTGTGCA-1	B cell
9685	TGCTCACTCGTTACTT-1	B cell
9686	TGCTCCGTCACGCGGT-1	B cell
9689	TGCTCCGTCGGCCAGT-1	B cell
9697	TGCTGGATCGGCCATA-1	B cell
9703	TGCTTCCAGCTCGCTT-1	B cell
9704	TGCTTCCAGTAGCCAT-1	B cell
9705	TGCTTCCAGTTATCCT-1	B cell
9707	TGCTTGCTCATCCACC-1	B cell
9709	TGCTTGCTCGGGATTT-1	B cell
9714	TGCTTTAGTGCACGCA-1	B cell
9725	TGGAACAAGTCCTGAG-1	B cell
9728	TGGACAAAGCCAAATC-1	B cell
9732	TGGACAAAGTCTATGA-1	B cell
9734	TGGACCGGTGCTTTAC-1	B cell
9736	TGGACCGGTTCCGGCT-1	B cell
9742	TGGACGGAGTTGGGCC-1	B cell
9744	TGGACTAGTCATCCTG-1	Tumour B cell
9747	TGGACTAGTTACGCAA-1	B cell
9751	TGGACTAGTTTGCTGT-1	B cell
9752	TGGATTCAGCACTAAC-1	B cell
9754	TGGATTCAGGAGGTTA-1	B cell
9755	TGGATTCAGTAACCAC-1	B cell
9760	TGGCCAATCTAGCTTT-1	B cell
9764	TGGCCATCACCAGGTT-1	B cell
9766	TGGCCATCAGGAATCG-1	B cell
9768	TGGCCATCATCCCTCA-1	B cell
9773	TGGCCTGCAGGACACA-1	B cell
9777	TGGCCTTTCCCGTTAC-1	B cell
9778	TGGCCTTTCCGTAAAC-1	Tumour B cell
9780	TGGCCTTTCTTTGACT-1	B cell
9791	TGGCTATAGGGACCTC-1	B cell
9794	TGGCTTTGTGATGAAA-1	B cell
9798	TGGCTTTGTTTGCAGA-1	B cell
9799	TGGCTTTGTTTGCTGT-1	B cell
9800	TGGGCATGTCCCGGAA-1	B cell
9808	TGGGCCTAGCTGTCAG-1	B cell
9817	TGGTCAAGTAACGTGC-1	B cell
9821	TGGTCAAGTCCTTCTC-1	B cell
9824	TGGTCAGTCCCTTGCG-1	B cell
9826	TGGTCATAGCCGCTTT-1	B cell
9829	TGGTCATAGTATTGCA-1	Tumour B cell
9832	TGGTCCTTCAAACACC-1	B cell
9844	TGGTTAATCCCTGGAA-1	B cell
9845	TGGTTAATCCTCCATA-1	Tumour B cell
9847	TGGTTCCTCAATGTGC-1	Tumour B cell
9848	TGGTTCCTCATAGACC-1	B cell
9852	TGGTTCCTCCACCTGT-1	B cell
9853	TGGTTCCTCGTCATTT-1	B cell
9856	TGGTTCTGTGAATCGC-1	B cell
9857	TGGTTCTGTGTTGCTT-1	B cell
9859	TGGTTGAGTCGAAGTC-1	Tumour B cell
9866	TGTAAAGCATAAGTCT-1	B cell
9869	TGTAAAGCATTGCGAC-1	B cell
9870	TGTAACTCAACTAGCC-1	B cell
9873	TGTAACTCAGTAGCCT-1	B cell
9874	TGTAACTCAGTATGTT-1	B cell
9877	TGTAACTCATTGTGGC-1	B cell
9878	TGTAAGCTCAATACGC-1	B cell
9883	TGTAAGCTCCCTGATC-1	B cell
9886	TGTAAGTGTCCAAGAC-1	B cell
9890	TGTAAGTGTTAGGCTA-1	B cell
9892	TGTAATGTCACGCATG-1	Tumour B cell
9893	TGTAATGTCAGTGAAG-1	B cell
9897	TGTAATGTCCTGATGG-1	Tumour B cell
9898	TGTAATGTCTCAATTC-1	B cell
9910	TGTCAATCACAAACTT-1	B cell
9918	TGTCAGTAGGAACCAA-1	B cell
9921	TGTCAGTAGTAATCCA-1	Tumour B cell
9922	TGTCATAAGCTATTAG-1	Tumour B cell
9924	TGTCATAAGTTATTCC-1	B cell
9928	TGTCCTGGTGTTGTAG-1	B cell
9929	TGTCCTGGTTAGGCGT-1	B cell
9934	TGTGAAACAAGGTGCA-1	B cell
9938	TGTGATCAGCCGCAAC-1	B cell
9945	TGTGCAAGTCACAGAC-1	B cell
9948	TGTGCAAGTTATTGCC-1	B cell
9954	TGTGCGCAGCTCAAAC-1	B cell
9958	TGTGCGCAGTTCCTCA-1	B cell
9962	TGTGCGGGTGACATAT-1	B cell
9972	TGTGGAGCACACTAAT-1	B cell
9976	TGTGGAGCATCCAGGT-1	B cell
9981	TGTGGCGGTGCAACTA-1	Tumour B cell
9983	TGTGGCTCAAACATAG-1	B cell
9985	TGTGGCTCAGCGCTTG-1	B cell
9990	TGTGTTAAGCGATAGA-1	B cell
9992	TGTGTTAAGGTTAGCT-1	Tumour B cell
9993	TGTTACTTCAAGACTC-1	B cell
10006	TGTTATGAGAAAGCAT-1	B cell
10008	TGTTATGAGCTTCCCG-1	B cell
10010	TGTTATGAGGTACCGC-1	B cell
10015	TGTTCATTCTCGCCCA-1	B cell
10017	TGTTCATTCTTAGCGG-1	B cell
10021	TGTTCCTCAGCATGAG-1	B cell
10039	TGTTGGCCATGGCCTG-1	Tumour B cell
10041	TGTTGTAAGCACTAGT-1	B cell
10045	TGTTGTAAGTAATCCA-1	B cell
10056	TGTTGTTTCCTTCGTA-1	B cell
10058	TTAAAGGCAATGAATG-1	B cell
10060	TTAAAGGCACTATGGC-1	B cell
10073	TTAACTGAGCTTAGCG-1	B cell
10078	TTAAGCCAGCCTGATG-1	Tumour B cell
10099	TTAAGGTGTCTAACCT-1	B cell
10101	TTAAGGTGTGAGGTAG-1	B cell
10105	TTAAGGTGTTTGGCGG-1	B cell
10106	TTAAGTGTCCGCCTAT-1	B cell
10107	TTAATCGAGGACACTT-1	B cell
10108	TTAATCGAGGAGTAAT-1	B cell
10112	TTACACCGTCTAACAG-1	Tumour B cell
10114	TTACACCGTGAATCGC-1	B cell
10118	TTACACCGTTTGTTGC-1	B cell
10122	TTACAGCAGTATTGGC-1	B cell
10127	TTACCGTGTTGTGATG-1	B cell
10128	TTACCTGTCACAAGCT-1	B cell
10132	TTACGTTTCACAGCGC-1	B cell
10133	TTACGTTTCACGCGGT-1	B cell
10139	TTACGTTTCTGGCTTC-1	Tumour B cell
10140	TTAGAAGCAACCGCCA-1	Tumour B cell
10146	TTAGACTCAAGTAAGC-1	B cell
10150	TTAGCAATCACGCCAA-1	B cell
10151	TTAGCAATCACGTTAA-1	B cell
10155	TTAGCAATCCTCATGC-1	B cell
10158	TTAGCAGGTGGTGAGA-1	Tumour B cell
10159	TTAGCCTGTAATTAGC-1	Tumour B cell
10164	TTAGCGGTCGAGGAAC-1	B cell
10173	TTAGGAACAGTCTAGC-1	B cell
10174	TTAGGAACATAATCGT-1	B cell
10177	TTAGGATGTGCCTCAC-1	B cell
10179	TTAGGCCCAAGCCAGA-1	B cell
10180	TTAGGCCCAATACTGT-1	B cell
10183	TTAGGCCCAATCGCAC-1	B cell
10185	TTAGGCCCACGGTTTA-1	B cell
10187	TTAGGCCCATCAATCG-1	B cell
10193	TTAGGCGTCGACAAAG-1	B cell
10196	TTAGGCTAGCCAGTAT-1	B cell
10198	TTAGGCTAGCTTTGTT-1	B cell
10200	TTAGGCTAGGCAGGTG-1	B cell
10214	TTATCCGTCAACCAAC-1	B cell
10216	TTATCCGTCATGTCAA-1	B cell
10226	TTATGACCAATATGGA-1	B cell
10228	TTATGACCACACAATT-1	Tumour B cell
10233	TTATTGCTCACATTGA-1	B cell
10235	TTATTGCTCCCGAACA-1	B cell
10237	TTATTGCTCCTTCGTA-1	B cell
10240	TTATTGCTCTTAGTCT-1	B cell
10255	TTCAGCACAGTCTATG-1	B cell
10258	TTCAGGTAGTGGACAA-1	B cell
10265	TTCATCCCAATAGTCT-1	Tumour B cell
10269	TTCATCCCATTAGGTT-1	B cell
10271	TTCATCCCATTTAAGC-1	B cell
10280	TTCCCACAGACTTATG-1	B cell
10282	TTCCCACAGCTACTGG-1	B cell
10284	TTCCCACAGGAACCAA-1	B cell
10293	TTCCCGCCACTCAACA-1	B cell
10297	TTCCCGCCAGGATAAC-1	Tumour B cell
10303	TTCCCGCCATGTTTGG-1	B cell
10304	TTCCTCAAGAGCCGCT-1	B cell
10308	TTCCTCAAGGACAATG-1	B cell
10309	TTCCTCAAGGTAAGCA-1	B cell
10310	TTCCTCAAGTAACGGA-1	B cell
10311	TTCCTTCTCATCACTT-1	B cell
10313	TTCCTTCTCCGGTTGA-1	Tumour B cell
10322	TTCCTTGAGTATCGCG-1	Tumour B cell
10327	TTCGCAACAGCATTAT-1	B cell
10328	TTCGCAACAGGCGATA-1	B cell
10331	TTCGGTACAGCAGGTA-1	B cell
10332	TTCGGTACAGCCAGTT-1	B cell
10335	TTCGTGCTCCAGGTTG-1	B cell
10336	TTCGTGCTCCTAATAG-1	B cell
10345	TTCGTTAGTTCCATTA-1	B cell
10349	TTCTTAGGTGAGGTGA-1	B cell
10354	TTGACATCACCCACAG-1	B cell
10361	TTGACGTAGGAGGGTT-1	Tumour B cell
10365	TTGACGTAGTCGCTAG-1	B cell
10369	TTGACTAAGTGAACGA-1	B cell
10377	TTGATGTCAAGGGTTG-1	B cell
10380	TTGATGTCACAGAACG-1	B cell
10384	TTGATGTCATGCAACC-1	B cell
10389	TTGCAAGGTAAAGCGG-1	Tumour B cell
10390	TTGCAAGGTCAGTAAT-1	B cell
10392	TTGCAAGGTGGTTCTT-1	B cell
10394	TTGCAAGGTTCCGCAC-1	B cell
10396	TTGCAATCAAACTCAT-1	B cell
10400	TTGCAATCATAGCGAG-1	B cell
10411	TTGCATTTCCCGCAAA-1	B cell
10412	TTGCATTTCCCTCAAC-1	Tumour B cell
10413	TTGCATTTCGATAACC-1	Tumour B cell
10414	TTGCATTTCGCAACAT-1	B cell
10416	TTGCCCGTCACTAGGT-1	B cell
10424	TTGCTCTCAAGGTGCA-1	Tumour B cell
10426	TTGCTCTCATTGACAT-1	B cell
10434	TTGCTTTAGTAACAGG-1	B cell
10435	TTGGAGGCAAGCTTAT-1	B cell
10441	TTGGATATCATAGCCG-1	B cell
10446	TTGGATATCGCGCTAA-1	Tumour B cell
10455	TTGGATCAGTTTCCGC-1	Tumour B cell
10457	TTGGATTCACTAGCGT-1	B cell
10460	TTGGATTCATGTCAGC-1	Tumour B cell
10462	TTGGCGGGTACAATGT-1	B cell
10469	TTGGCTACAAGGACCA-1	B cell
10470	TTGGCTACACCAAAGG-1	Tumour B cell
10475	TTGGCTACATTATGGT-1	B cell
10478	TTGGCTGAGTAACCCG-1	Tumour B cell
10480	TTGGCTGAGTTTCCTG-1	Tumour B cell
10481	TTGGCTTGTGAGCAAG-1	B cell
10485	TTGGGCCAGAACCTGT-1	B cell
10487	TTGGGCCAGCTTCCCG-1	B cell
10488	TTGGGCCAGGCAAGTA-1	B cell
10493	TTGGGCGGTTGCAGTA-1	B cell
10497	TTGGTGAGTAAAGCAA-1	B cell
10498	TTGGTGAGTAGCTGCG-1	B cell
10499	TTGGTGAGTAGTTAAC-1	B cell
10501	TTGGTGAGTGAGACTC-1	B cell
10505	TTGGTGAGTTTAACCC-1	B cell
10506	TTGTAAGTCCTAAGAC-1	Tumour B cell
10507	TTGTAAGTCTTGGATA-1	B cell
10511	TTGTCCATCAAGCTTA-1	Tumour B cell
10512	TTGTCCATCAAGTGTC-1	B cell
10514	TTGTCCATCATGACCG-1	B cell
10517	TTGTCCATCTGGCAAT-1	B cell
10520	TTGTCCATCTTGCTAT-1	B cell
10525	TTGTCCCAGGGTCTAT-1	B cell
10527	TTGTCCGGTTCCGGGA-1	B cell
10530	TTGTGAGGTTAGGCTA-1	B cell
10532	TTGTGCCTCCCTTGCG-1	B cell
10539	TTGTGCGAGTAAGGGC-1	B cell
10545	TTGTGTGCAAATTCGT-1	B cell
10546	TTGTGTGCAATAGTCT-1	B cell
10554	TTGTTGCGTCCGTGAG-1	B cell
10558	TTGTTGCGTGGATTAT-1	B cell
10562	TTGTTGCGTTTGGTTC-1	B cell
10563	TTGTTGTTCAACCAAC-1	Tumour B cell
10565	TTGTTGTTCCGCAAAT-1	B cell
10566	TTGTTGTTCGAGGAGT-1	B cell
10568	TTGTTGTTCGTTCACC-1	B cell
10569	TTGTTGTTCTGTAAGC-1	B cell
10577	TTGTTTGGTTCAAGAT-1	B cell
10583	TTTAACCTCACTAAGC-1	B cell
10584	TTTAACCTCCTAATAG-1	B cell
10587	TTTAACGAGCATGTCG-1	B cell
10595	TTTAAGCCACCTCACC-1	B cell
10599	TTTAAGGTCACTTCAT-1	Tumour B cell
10604	TTTACGAAGAGGAAGG-1	B cell
10606	TTTACGAAGGTCCAAT-1	B cell
10617	TTTAGCTTCATGACCG-1	Tumour B cell
10618	TTTAGCTTCATGCGTG-1	B cell
10633	TTTATGGAGGGACTAA-1	B cell
10636	TTTATGGAGTAACCCG-1	B cell
10638	TTTCACCCAAGGTACG-1	B cell
10642	TTTCAGTTCATCACTT-1	B cell
10647	TTTCATCAGATGGACA-1	B cell
10660	TTTCCGGGTGCTGGTG-1	B cell
10665	TTTCCGGGTTTACGTC-1	B cell
10666	TTTCCTGAGGAACGGT-1	Tumour B cell
10668	TTTCGTCCACTTAGGC-1	B cell
10676	TTTCTCACACAAGCCT-1	B cell
10677	TTTCTCACACACAATT-1	B cell
10679	TTTCTCACAGGTTCAC-1	B cell
10683	TTTCTCACATTGTCAG-1	B cell
10684	TTTCTTGCAACCCTAA-1	B cell
10690	TTTCTTGCAGTAAGTA-1	B cell
10694	TTTGACCGTATTGGTG-1	B cell
10695	TTTGACCGTCCCGAAG-1	B cell
10697	TTTGACCGTGAGGTGA-1	B cell
10701	TTTGACTTCATGCGTG-1	B cell
10702	TTTGACTTCATGGCTG-1	B cell
10703	TTTGACTTCATTTAGG-1	B cell
10705	TTTGACTTCGCTAGAT-1	B cell
10708	TTTGACTTCTTGTCTG-1	B cell
10718	TTTGCATTCATGTTTC-1	Tumour B cell
10723	TTTGCGACATAAACCT-1	Tumour B cell
10729	TTTGCGGAGGCGTAAA-1	B cell
10735	TTTGGCTGTGCATCGG-1	Tumour B cell
10736	TTTGGCTGTGGATGTC-1	B cell
10737	TTTGGTAAGTAGCCAT-1	B cell
10740	TTTGGTGCAATAACGA-1	B cell
10743	TTTGGTGCACCTGCCT-1	B cell
10763	TTTGTGGCACCAAAGG-1	Tumour B cell
10771	TTTGTGTTCCAGGTTG-1	B cell
10772	TTTGTGTTCCGTTATT-1	Tumour B cell
10777	TTTGTTGGTATGGTGC-1	Tumour B cell
